--
-- PostgreSQL database dump
--

-- Dumped from database version 16.1
-- Dumped by pg_dump version 16.1

SET statement_timeout = 0;
SET lock_timeout = 0;
SET idle_in_transaction_session_timeout = 0;
SET client_encoding = 'UTF8';
SET standard_conforming_strings = on;
SELECT pg_catalog.set_config('search_path', '', false);
SET check_function_bodies = false;
SET xmloption = content;
SET client_min_messages = warning;
SET row_security = off;

SET default_tablespace = '';

SET default_table_access_method = heap;

--
-- Name: auth_group; Type: TABLE; Schema: public; Owner: vladislav
--

CREATE TABLE public.auth_group (
    id integer NOT NULL,
    name character varying(150) NOT NULL
);


ALTER TABLE public.auth_group OWNER TO vladislav;

--
-- Name: auth_group_id_seq; Type: SEQUENCE; Schema: public; Owner: vladislav
--

ALTER TABLE public.auth_group ALTER COLUMN id ADD GENERATED BY DEFAULT AS IDENTITY (
    SEQUENCE NAME public.auth_group_id_seq
    START WITH 1
    INCREMENT BY 1
    NO MINVALUE
    NO MAXVALUE
    CACHE 1
);


--
-- Name: auth_group_permissions; Type: TABLE; Schema: public; Owner: vladislav
--

CREATE TABLE public.auth_group_permissions (
    id bigint NOT NULL,
    group_id integer NOT NULL,
    permission_id integer NOT NULL
);


ALTER TABLE public.auth_group_permissions OWNER TO vladislav;

--
-- Name: auth_group_permissions_id_seq; Type: SEQUENCE; Schema: public; Owner: vladislav
--

ALTER TABLE public.auth_group_permissions ALTER COLUMN id ADD GENERATED BY DEFAULT AS IDENTITY (
    SEQUENCE NAME public.auth_group_permissions_id_seq
    START WITH 1
    INCREMENT BY 1
    NO MINVALUE
    NO MAXVALUE
    CACHE 1
);


--
-- Name: auth_permission; Type: TABLE; Schema: public; Owner: vladislav
--

CREATE TABLE public.auth_permission (
    id integer NOT NULL,
    name character varying(255) NOT NULL,
    content_type_id integer NOT NULL,
    codename character varying(100) NOT NULL
);


ALTER TABLE public.auth_permission OWNER TO vladislav;

--
-- Name: auth_permission_id_seq; Type: SEQUENCE; Schema: public; Owner: vladislav
--

ALTER TABLE public.auth_permission ALTER COLUMN id ADD GENERATED BY DEFAULT AS IDENTITY (
    SEQUENCE NAME public.auth_permission_id_seq
    START WITH 1
    INCREMENT BY 1
    NO MINVALUE
    NO MAXVALUE
    CACHE 1
);


--
-- Name: auth_user; Type: TABLE; Schema: public; Owner: vladislav
--

CREATE TABLE public.auth_user (
    id integer NOT NULL,
    password character varying(128) NOT NULL,
    last_login timestamp with time zone,
    is_superuser boolean NOT NULL,
    username character varying(150) NOT NULL,
    first_name character varying(150) NOT NULL,
    last_name character varying(150) NOT NULL,
    email character varying(254) NOT NULL,
    is_staff boolean NOT NULL,
    is_active boolean NOT NULL,
    date_joined timestamp with time zone NOT NULL
);


ALTER TABLE public.auth_user OWNER TO vladislav;

--
-- Name: auth_user_groups; Type: TABLE; Schema: public; Owner: vladislav
--

CREATE TABLE public.auth_user_groups (
    id bigint NOT NULL,
    user_id integer NOT NULL,
    group_id integer NOT NULL
);


ALTER TABLE public.auth_user_groups OWNER TO vladislav;

--
-- Name: auth_user_groups_id_seq; Type: SEQUENCE; Schema: public; Owner: vladislav
--

ALTER TABLE public.auth_user_groups ALTER COLUMN id ADD GENERATED BY DEFAULT AS IDENTITY (
    SEQUENCE NAME public.auth_user_groups_id_seq
    START WITH 1
    INCREMENT BY 1
    NO MINVALUE
    NO MAXVALUE
    CACHE 1
);


--
-- Name: auth_user_id_seq; Type: SEQUENCE; Schema: public; Owner: vladislav
--

ALTER TABLE public.auth_user ALTER COLUMN id ADD GENERATED BY DEFAULT AS IDENTITY (
    SEQUENCE NAME public.auth_user_id_seq
    START WITH 1
    INCREMENT BY 1
    NO MINVALUE
    NO MAXVALUE
    CACHE 1
);


--
-- Name: auth_user_user_permissions; Type: TABLE; Schema: public; Owner: vladislav
--

CREATE TABLE public.auth_user_user_permissions (
    id bigint NOT NULL,
    user_id integer NOT NULL,
    permission_id integer NOT NULL
);


ALTER TABLE public.auth_user_user_permissions OWNER TO vladislav;

--
-- Name: auth_user_user_permissions_id_seq; Type: SEQUENCE; Schema: public; Owner: vladislav
--

ALTER TABLE public.auth_user_user_permissions ALTER COLUMN id ADD GENERATED BY DEFAULT AS IDENTITY (
    SEQUENCE NAME public.auth_user_user_permissions_id_seq
    START WITH 1
    INCREMENT BY 1
    NO MINVALUE
    NO MAXVALUE
    CACHE 1
);


--
-- Name: cart; Type: TABLE; Schema: public; Owner: vladislav
--

CREATE TABLE public.cart (
    id bigint NOT NULL,
    quantity smallint NOT NULL,
    session_key character varying(32),
    created_timestamp timestamp with time zone NOT NULL,
    product_id bigint NOT NULL,
    user_id integer,
    CONSTRAINT cart_quantity_check CHECK ((quantity >= 0))
);


ALTER TABLE public.cart OWNER TO vladislav;

--
-- Name: cart_id_seq; Type: SEQUENCE; Schema: public; Owner: vladislav
--

ALTER TABLE public.cart ALTER COLUMN id ADD GENERATED BY DEFAULT AS IDENTITY (
    SEQUENCE NAME public.cart_id_seq
    START WITH 1
    INCREMENT BY 1
    NO MINVALUE
    NO MAXVALUE
    CACHE 1
);


--
-- Name: django_admin_log; Type: TABLE; Schema: public; Owner: vladislav
--

CREATE TABLE public.django_admin_log (
    id integer NOT NULL,
    action_time timestamp with time zone NOT NULL,
    object_id text,
    object_repr character varying(200) NOT NULL,
    action_flag smallint NOT NULL,
    change_message text NOT NULL,
    content_type_id integer,
    user_id integer NOT NULL,
    CONSTRAINT django_admin_log_action_flag_check CHECK ((action_flag >= 0))
);


ALTER TABLE public.django_admin_log OWNER TO vladislav;

--
-- Name: django_admin_log_id_seq; Type: SEQUENCE; Schema: public; Owner: vladislav
--

ALTER TABLE public.django_admin_log ALTER COLUMN id ADD GENERATED BY DEFAULT AS IDENTITY (
    SEQUENCE NAME public.django_admin_log_id_seq
    START WITH 1
    INCREMENT BY 1
    NO MINVALUE
    NO MAXVALUE
    CACHE 1
);


--
-- Name: django_content_type; Type: TABLE; Schema: public; Owner: vladislav
--

CREATE TABLE public.django_content_type (
    id integer NOT NULL,
    app_label character varying(100) NOT NULL,
    model character varying(100) NOT NULL
);


ALTER TABLE public.django_content_type OWNER TO vladislav;

--
-- Name: django_content_type_id_seq; Type: SEQUENCE; Schema: public; Owner: vladislav
--

ALTER TABLE public.django_content_type ALTER COLUMN id ADD GENERATED BY DEFAULT AS IDENTITY (
    SEQUENCE NAME public.django_content_type_id_seq
    START WITH 1
    INCREMENT BY 1
    NO MINVALUE
    NO MAXVALUE
    CACHE 1
);


--
-- Name: django_migrations; Type: TABLE; Schema: public; Owner: vladislav
--

CREATE TABLE public.django_migrations (
    id bigint NOT NULL,
    app character varying(255) NOT NULL,
    name character varying(255) NOT NULL,
    applied timestamp with time zone NOT NULL
);


ALTER TABLE public.django_migrations OWNER TO vladislav;

--
-- Name: django_migrations_id_seq; Type: SEQUENCE; Schema: public; Owner: vladislav
--

ALTER TABLE public.django_migrations ALTER COLUMN id ADD GENERATED BY DEFAULT AS IDENTITY (
    SEQUENCE NAME public.django_migrations_id_seq
    START WITH 1
    INCREMENT BY 1
    NO MINVALUE
    NO MAXVALUE
    CACHE 1
);


--
-- Name: django_session; Type: TABLE; Schema: public; Owner: vladislav
--

CREATE TABLE public.django_session (
    session_key character varying(40) NOT NULL,
    session_data text NOT NULL,
    expire_date timestamp with time zone NOT NULL
);


ALTER TABLE public.django_session OWNER TO vladislav;

--
-- Name: payment_order; Type: TABLE; Schema: public; Owner: vladislav
--

CREATE TABLE public.payment_order (
    id bigint NOT NULL,
    amount numeric(7,2) NOT NULL,
    created timestamp with time zone NOT NULL,
    updated timestamp with time zone NOT NULL,
    user_id integer,
    shipping_address_id bigint
);


ALTER TABLE public.payment_order OWNER TO vladislav;

--
-- Name: payment_order_id_seq; Type: SEQUENCE; Schema: public; Owner: vladislav
--

ALTER TABLE public.payment_order ALTER COLUMN id ADD GENERATED BY DEFAULT AS IDENTITY (
    SEQUENCE NAME public.payment_order_id_seq
    START WITH 1
    INCREMENT BY 1
    NO MINVALUE
    NO MAXVALUE
    CACHE 1
);


--
-- Name: payment_orderitem; Type: TABLE; Schema: public; Owner: vladislav
--

CREATE TABLE public.payment_orderitem (
    id bigint NOT NULL,
    price numeric(9,2) NOT NULL,
    quantity integer NOT NULL,
    order_id bigint,
    product_id bigint,
    user_id integer
);


ALTER TABLE public.payment_orderitem OWNER TO vladislav;

--
-- Name: payment_orderitem_id_seq; Type: SEQUENCE; Schema: public; Owner: vladislav
--

ALTER TABLE public.payment_orderitem ALTER COLUMN id ADD GENERATED BY DEFAULT AS IDENTITY (
    SEQUENCE NAME public.payment_orderitem_id_seq
    START WITH 1
    INCREMENT BY 1
    NO MINVALUE
    NO MAXVALUE
    CACHE 1
);


--
-- Name: payment_shippingaddress; Type: TABLE; Schema: public; Owner: vladislav
--

CREATE TABLE public.payment_shippingaddress (
    id bigint NOT NULL,
    full_name character varying(100) NOT NULL,
    email character varying(254) NOT NULL,
    street_address character varying(100) NOT NULL,
    apartment_address character varying(100) NOT NULL,
    user_id integer
);


ALTER TABLE public.payment_shippingaddress OWNER TO vladislav;

--
-- Name: payment_shippingaddress_id_seq; Type: SEQUENCE; Schema: public; Owner: vladislav
--

ALTER TABLE public.payment_shippingaddress ALTER COLUMN id ADD GENERATED BY DEFAULT AS IDENTITY (
    SEQUENCE NAME public.payment_shippingaddress_id_seq
    START WITH 1
    INCREMENT BY 1
    NO MINVALUE
    NO MAXVALUE
    CACHE 1
);


--
-- Name: shop_category; Type: TABLE; Schema: public; Owner: vladislav
--

CREATE TABLE public.shop_category (
    id bigint NOT NULL,
    name character varying(250) NOT NULL,
    slug character varying(250) NOT NULL,
    created timestamp with time zone NOT NULL
);


ALTER TABLE public.shop_category OWNER TO vladislav;

--
-- Name: shop_category_id_seq; Type: SEQUENCE; Schema: public; Owner: vladislav
--

ALTER TABLE public.shop_category ALTER COLUMN id ADD GENERATED BY DEFAULT AS IDENTITY (
    SEQUENCE NAME public.shop_category_id_seq
    START WITH 1
    INCREMENT BY 1
    NO MINVALUE
    NO MAXVALUE
    CACHE 1
);


--
-- Name: shop_product; Type: TABLE; Schema: public; Owner: vladislav
--

CREATE TABLE public.shop_product (
    id bigint NOT NULL,
    title character varying(250) NOT NULL,
    description text NOT NULL,
    slug character varying(250) NOT NULL,
    price numeric(7,2) NOT NULL,
    image character varying(100) NOT NULL,
    available boolean NOT NULL,
    created_at timestamp with time zone NOT NULL,
    updated_at timestamp with time zone NOT NULL,
    category_id bigint NOT NULL
);


ALTER TABLE public.shop_product OWNER TO vladislav;

--
-- Name: shop_product_id_seq; Type: SEQUENCE; Schema: public; Owner: vladislav
--

ALTER TABLE public.shop_product ALTER COLUMN id ADD GENERATED BY DEFAULT AS IDENTITY (
    SEQUENCE NAME public.shop_product_id_seq
    START WITH 1
    INCREMENT BY 1
    NO MINVALUE
    NO MAXVALUE
    CACHE 1
);


--
-- Data for Name: auth_group; Type: TABLE DATA; Schema: public; Owner: vladislav
--

COPY public.auth_group (id, name) FROM stdin;
\.


--
-- Data for Name: auth_group_permissions; Type: TABLE DATA; Schema: public; Owner: vladislav
--

COPY public.auth_group_permissions (id, group_id, permission_id) FROM stdin;
\.


--
-- Data for Name: auth_permission; Type: TABLE DATA; Schema: public; Owner: vladislav
--

COPY public.auth_permission (id, name, content_type_id, codename) FROM stdin;
1	Can add log entry	1	add_logentry
2	Can change log entry	1	change_logentry
3	Can delete log entry	1	delete_logentry
4	Can view log entry	1	view_logentry
5	Can add permission	2	add_permission
6	Can change permission	2	change_permission
7	Can delete permission	2	delete_permission
8	Can view permission	2	view_permission
9	Can add group	3	add_group
10	Can change group	3	change_group
11	Can delete group	3	delete_group
12	Can view group	3	view_group
13	Can add user	4	add_user
14	Can change user	4	change_user
15	Can delete user	4	delete_user
16	Can view user	4	view_user
17	Can add content type	5	add_contenttype
18	Can change content type	5	change_contenttype
19	Can delete content type	5	delete_contenttype
20	Can view content type	5	view_contenttype
21	Can add session	6	add_session
22	Can change session	6	change_session
23	Can delete session	6	delete_session
24	Can view session	6	view_session
25	Can add Категория	7	add_category
26	Can change Категория	7	change_category
27	Can delete Категория	7	delete_category
28	Can view Категория	7	view_category
29	Can add Продукт	8	add_product
30	Can change Продукт	8	change_product
31	Can delete Продукт	8	delete_product
32	Can view Продукт	8	view_product
33	Can add Корзина	9	add_cart
34	Can change Корзина	9	change_cart
35	Can delete Корзина	9	delete_cart
36	Can view Корзина	9	view_cart
37	Can add Заказ	10	add_order
38	Can change Заказ	10	change_order
39	Can delete Заказ	10	delete_order
40	Can view Заказ	10	view_order
41	Can add order item	11	add_orderitem
42	Can change order item	11	change_orderitem
43	Can delete order item	11	delete_orderitem
44	Can view order item	11	view_orderitem
45	Can add Доставка заказа	12	add_shippingaddress
46	Can change Доставка заказа	12	change_shippingaddress
47	Can delete Доставка заказа	12	delete_shippingaddress
48	Can view Доставка заказа	12	view_shippingaddress
\.


--
-- Data for Name: auth_user; Type: TABLE DATA; Schema: public; Owner: vladislav
--

COPY public.auth_user (id, password, last_login, is_superuser, username, first_name, last_name, email, is_staff, is_active, date_joined) FROM stdin;
1	pbkdf2_sha256$870000$jmrX3QcjgEyELZHePWljOQ$K0MXEgFFZEsnMPcgEFUsk1JKU2OSluqOsa2XRpO6Igw=	2024-08-13 13:47:09.546026+03	t	vlad				t	t	2024-08-02 22:36:53.626989+03
\.


--
-- Data for Name: auth_user_groups; Type: TABLE DATA; Schema: public; Owner: vladislav
--

COPY public.auth_user_groups (id, user_id, group_id) FROM stdin;
\.


--
-- Data for Name: auth_user_user_permissions; Type: TABLE DATA; Schema: public; Owner: vladislav
--

COPY public.auth_user_user_permissions (id, user_id, permission_id) FROM stdin;
\.


--
-- Data for Name: cart; Type: TABLE DATA; Schema: public; Owner: vladislav
--

COPY public.cart (id, quantity, session_key, created_timestamp, product_id, user_id) FROM stdin;
\.


--
-- Data for Name: django_admin_log; Type: TABLE DATA; Schema: public; Owner: vladislav
--

COPY public.django_admin_log (id, action_time, object_id, object_repr, action_flag, change_message, content_type_id, user_id) FROM stdin;
\.


--
-- Data for Name: django_content_type; Type: TABLE DATA; Schema: public; Owner: vladislav
--

COPY public.django_content_type (id, app_label, model) FROM stdin;
1	admin	logentry
2	auth	permission
3	auth	group
4	auth	user
5	contenttypes	contenttype
6	sessions	session
7	shop	category
8	shop	product
9	cart	cart
10	payment	order
11	payment	orderitem
12	payment	shippingaddress
\.


--
-- Data for Name: django_migrations; Type: TABLE DATA; Schema: public; Owner: vladislav
--

COPY public.django_migrations (id, app, name, applied) FROM stdin;
1	contenttypes	0001_initial	2024-08-02 22:34:51.690613+03
2	auth	0001_initial	2024-08-02 22:34:51.880639+03
3	admin	0001_initial	2024-08-02 22:34:51.930654+03
4	admin	0002_logentry_remove_auto_add	2024-08-02 22:34:51.946661+03
5	admin	0003_logentry_add_action_flag_choices	2024-08-02 22:34:51.97168+03
6	contenttypes	0002_remove_content_type_name	2024-08-02 22:34:52.012663+03
7	auth	0002_alter_permission_name_max_length	2024-08-02 22:34:52.033672+03
8	auth	0003_alter_user_email_max_length	2024-08-02 22:34:52.054679+03
9	auth	0004_alter_user_username_opts	2024-08-02 22:34:52.068681+03
10	auth	0005_alter_user_last_login_null	2024-08-02 22:34:52.086672+03
11	auth	0006_require_contenttypes_0002	2024-08-02 22:34:52.089673+03
12	auth	0007_alter_validators_add_error_messages	2024-08-02 22:34:52.10968+03
13	auth	0008_alter_user_username_max_length	2024-08-02 22:34:52.145677+03
14	auth	0009_alter_user_last_name_max_length	2024-08-02 22:34:52.167697+03
15	auth	0010_alter_group_name_max_length	2024-08-02 22:34:52.185724+03
16	auth	0011_update_proxy_permissions	2024-08-02 22:34:52.199684+03
17	auth	0012_alter_user_first_name_max_length	2024-08-02 22:34:52.21969+03
18	shop	0001_initial	2024-08-02 22:34:52.300698+03
19	cart	0001_initial	2024-08-02 22:34:52.353708+03
20	payment	0001_initial	2024-08-02 22:34:52.509723+03
21	sessions	0001_initial	2024-08-02 22:34:52.531727+03
\.


--
-- Data for Name: django_session; Type: TABLE DATA; Schema: public; Owner: vladislav
--

COPY public.django_session (session_key, session_data, expire_date) FROM stdin;
vm1jhfbi5e47rfxaojvsalbavh4pafgz	eyJzZXNzaW9uX2tleSI6e319:1sZy4H:X9pnQbPfm7v6BsBDBJljqU2dfSQ-7w_xUBUtxRcKYVw	2024-08-16 22:36:01.3958+03
dsv3c3sms9wjsgninzvzp9bcivzu8o4d	.eJxVjDsOgzAQBe-ydWRhbByHMj1nsLwfAiGyJQxFhLh7gkRD-2bmbVCklDGnMMkX2m2_QYjrMoS1yBxGhhY0XDaMNEk6AL9jemVFOS3ziOpQ1EmL6jLL53m6l4MhluFfG6N97VFYVz2ir2pDxtTEkZ3Yu7OETlCLpp7IMVnd9CjxYdF4No4a2H9p3D8q:1sZyU6:FMNnvJNCiBDjPwrzoLPikU7nCpfYUxIO04Tx3WUZyf0	2024-08-16 23:02:42.654306+03
dc0qzoqo46uvs7smg330qk91zxtptdne	eyJzZXNzaW9uX2tleSI6e319:1sdp2w:hp7DQNJ6J2xosVbkxBfqigM6zDrEEwDhXeJMAJTArRo	2024-08-27 13:46:34.424321+03
ccetblpi0mng1e7zh7v26r447yw1s32b	.eJxVjMsOgyAQRf9l1g0BkVeX3fcbyABDtTaQiC4a47-3Jm7c3nPO3aBRa2MtfqIv3Lf9Bh7XZfBro9mPCe4g4LIFjBOVA6Q3lldlsZZlHgM7FHbSxp410edxupeDAdvwr1XihNlil3WMTnAtMhknUjB9H3gwzlmJ1AmOVpPUNmeuklJSG8l7chr2H1_tPc8:1sdq6v:0Fed_7aYCqOg9m0g6LFzBruwgdnP7GO9NvnLlBRetWA	2024-08-27 14:54:45.899653+03
g21va4byt92e7281mwxi9iycz5grevp4	eyJzZXNzaW9uX2tleSI6e319:1seVtY:3YQ_fsIo5CifxnGU3cS7TFEyTBwkegLPLRQ9HH_vdio	2024-08-29 11:31:44.355632+03
g2jbzuk6j6qjzaql813oxrxe23vvfooz	eyJzZXNzaW9uX2tleSI6e319:1seVti:lcps_3G1MnS7Ly8g7PUIb6xA4XvD0j6RnyMj-7qdzxE	2024-08-29 11:31:54.857812+03
j22br132bddfamaz6lfv3hrh9kjmbtkf	eyJzZXNzaW9uX2tleSI6e319:1shoxY:Q1lEIlwzin_6symWBqOftghEC5GCPOYD3h93Gxfsx90	2024-09-07 14:29:32.475967+03
\.


--
-- Data for Name: payment_order; Type: TABLE DATA; Schema: public; Owner: vladislav
--

COPY public.payment_order (id, amount, created, updated, user_id, shipping_address_id) FROM stdin;
\.


--
-- Data for Name: payment_orderitem; Type: TABLE DATA; Schema: public; Owner: vladislav
--

COPY public.payment_orderitem (id, price, quantity, order_id, product_id, user_id) FROM stdin;
\.


--
-- Data for Name: payment_shippingaddress; Type: TABLE DATA; Schema: public; Owner: vladislav
--

COPY public.payment_shippingaddress (id, full_name, email, street_address, apartment_address, user_id) FROM stdin;
\.


--
-- Data for Name: shop_category; Type: TABLE DATA; Schema: public; Owner: vladislav
--

COPY public.shop_category (id, name, slug, created) FROM stdin;
1	Обувь	obyv	2024-06-19 13:40:07.901+03
2	Футболки	futbolka	2024-07-02 15:29:12.634+03
4	Джинсы	dzhinsy	2024-07-10 12:53:25.142+03
5	Толстовки	tolstovka	2024-07-10 12:54:32.969+03
8	Все товары	all	2024-07-15 10:49:13.775+03
\.


--
-- Data for Name: shop_product; Type: TABLE DATA; Schema: public; Owner: vladislav
--

COPY public.shop_product (id, title, description, slug, price, image, available, created_at, updated_at, category_id) FROM stdin;
1	Nike Revolution 6 Next Nature	Беговые кроссовки Nike Revolution 6 с 20% от их состава из переработанных материалов.	nike-revolution-6-next-nature	7000.00	products/products/2024/06/21/nike.jpg	t	2024-06-21 14:52:22.201+03	2024-06-21 14:52:22.201+03	1
2	Nike Downshifter 12	Надежная обувь на каждый день с мягкой амортизацией и гибкой подошвой.	nike-downshifter-12	8519.00	products/products/2024/06/21/Nike_Downshifter_12.jpg	t	2024-06-21 14:54:10.975+03	2024-06-21 14:54:10.975+03	1
3	adidas Strutter	Кроссовки adidas Strutter с верхом из мягкой сетки обеспечивают легкость и воздухопроницаемость. Подошва выполнена из прочной резины для надежного сцепления с поверхностью.	adidas-strutter	8319.00	products/products/2024/06/21/adidas_Strutter.jpg	t	2024-06-21 14:55:27.837+03	2024-06-21 14:55:27.837+03	1
4	PUMA St Runner V3 L	Стильные кроссовки ST Runner v3, выполненные из качественных материалов, с амортизацией, которая обеспечивает комфортную ходьбу.	puma-st-runner-v3-l	5849.00	products/products/2024/06/21/PUMA_St_Runner_V3_L.jpg	t	2024-06-21 14:56:57.018+03	2024-06-21 14:56:57.018+03	1
5	FILA Nero	Кроссовки FILA Nero отлично подойдут для активного отдыха и занятий спортом благодаря удобной колодке и прочной подошве из высококачественной резины	fila-nero	4899.00	products/products/2024/06/21/FILA_Nero.jpg	t	2024-06-21 14:58:12.551+03	2024-06-21 14:58:12.551+03	1
6	Demix Crown	Беговые кроссовки Crown от бренда Demix отлично подходят для активного отдыха.	demix-crown	2599.00	products/products/2024/06/21/Demix_Crown.jpg	t	2024-06-21 14:58:35.441+03	2024-06-21 14:58:35.441+03	1
7	ASICS GT-2000 12	Беговые кроссовки GT-2000 12 - это надежная модель, разработанная для бега по пересеченной местности.	asics-gt-2000-12	13919.00	products/products/2024/06/21/ASICS_GT-2000_12.jpg	f	2024-06-21 15:00:57.877+03	2024-06-21 16:02:09.633+03	1
8	Кеды мужские Vans Atwood	Кеды от бренда Vans в стиле Atwood. Отлично подходят для повседневной носки и активного отдыха.	kedy-muzhskie-vans-atwood	5399.00	products/products/2024/07/02/Кеды_мужские_Vans_Atwood.jpg	t	2024-07-02 15:24:24.28+03	2024-07-02 15:24:24.28+03	1
9	Кеды мужские PUMA Puma CLub	Кеды PUMA Club, выполненные из качественных материалов. Стильный дизайн в классическом стиле PUMA для любого повседневного образа.	kedy-muzhskie-puma-puma-club	5199.00	products/products/2024/07/02/Кеды_мужские_PUMA_Puma_CLub.jpg	t	2024-07-02 15:26:01.223+03	2024-07-02 15:26:01.223+03	1
10	NOAH NY	Футболка Illustration Graphic в коллаборации с Antonio Lopez	noah-ny	6810.00	products/products/2024/07/02/NOAH_NY.webp	t	2024-07-02 15:29:47.098+03	2024-07-02 15:29:47.098+03	2
11	Футболка L'Arche De Nuit		futbolka-larche-de-nuit	2200.00	products/products/2024/07/02/Футболка.webp	t	2024-07-02 15:31:10.854+03	2024-07-02 15:31:10.854+03	2
12	FEAR OF GOD ESSENTIALS		fear-of-god-essentials	5111.00	products/products/2024/07/02/FEAR_OF_GOD_ESSENTIALS.jpg	t	2024-07-02 15:32:59.757+03	2024-07-02 15:32:59.757+03	2
13	Тест		test	99.99	products/products/default/image.png	t	2024-07-22 10:34:57.951+03	2024-07-22 10:34:57.951+03	2
\.


--
-- Name: auth_group_id_seq; Type: SEQUENCE SET; Schema: public; Owner: vladislav
--

SELECT pg_catalog.setval('public.auth_group_id_seq', 1, false);


--
-- Name: auth_group_permissions_id_seq; Type: SEQUENCE SET; Schema: public; Owner: vladislav
--

SELECT pg_catalog.setval('public.auth_group_permissions_id_seq', 1, false);


--
-- Name: auth_permission_id_seq; Type: SEQUENCE SET; Schema: public; Owner: vladislav
--

SELECT pg_catalog.setval('public.auth_permission_id_seq', 48, true);


--
-- Name: auth_user_groups_id_seq; Type: SEQUENCE SET; Schema: public; Owner: vladislav
--

SELECT pg_catalog.setval('public.auth_user_groups_id_seq', 1, false);


--
-- Name: auth_user_id_seq; Type: SEQUENCE SET; Schema: public; Owner: vladislav
--

SELECT pg_catalog.setval('public.auth_user_id_seq', 1, true);


--
-- Name: auth_user_user_permissions_id_seq; Type: SEQUENCE SET; Schema: public; Owner: vladislav
--

SELECT pg_catalog.setval('public.auth_user_user_permissions_id_seq', 1, false);


--
-- Name: cart_id_seq; Type: SEQUENCE SET; Schema: public; Owner: vladislav
--

SELECT pg_catalog.setval('public.cart_id_seq', 1, false);


--
-- Name: django_admin_log_id_seq; Type: SEQUENCE SET; Schema: public; Owner: vladislav
--

SELECT pg_catalog.setval('public.django_admin_log_id_seq', 1, false);


--
-- Name: django_content_type_id_seq; Type: SEQUENCE SET; Schema: public; Owner: vladislav
--

SELECT pg_catalog.setval('public.django_content_type_id_seq', 12, true);


--
-- Name: django_migrations_id_seq; Type: SEQUENCE SET; Schema: public; Owner: vladislav
--

SELECT pg_catalog.setval('public.django_migrations_id_seq', 21, true);


--
-- Name: payment_order_id_seq; Type: SEQUENCE SET; Schema: public; Owner: vladislav
--

SELECT pg_catalog.setval('public.payment_order_id_seq', 1, false);


--
-- Name: payment_orderitem_id_seq; Type: SEQUENCE SET; Schema: public; Owner: vladislav
--

SELECT pg_catalog.setval('public.payment_orderitem_id_seq', 1, false);


--
-- Name: payment_shippingaddress_id_seq; Type: SEQUENCE SET; Schema: public; Owner: vladislav
--

SELECT pg_catalog.setval('public.payment_shippingaddress_id_seq', 1, false);


--
-- Name: shop_category_id_seq; Type: SEQUENCE SET; Schema: public; Owner: vladislav
--

SELECT pg_catalog.setval('public.shop_category_id_seq', 8, true);


--
-- Name: shop_product_id_seq; Type: SEQUENCE SET; Schema: public; Owner: vladislav
--

SELECT pg_catalog.setval('public.shop_product_id_seq', 13, true);


--
-- Name: auth_group auth_group_name_key; Type: CONSTRAINT; Schema: public; Owner: vladislav
--

ALTER TABLE ONLY public.auth_group
    ADD CONSTRAINT auth_group_name_key UNIQUE (name);


--
-- Name: auth_group_permissions auth_group_permissions_group_id_permission_id_0cd325b0_uniq; Type: CONSTRAINT; Schema: public; Owner: vladislav
--

ALTER TABLE ONLY public.auth_group_permissions
    ADD CONSTRAINT auth_group_permissions_group_id_permission_id_0cd325b0_uniq UNIQUE (group_id, permission_id);


--
-- Name: auth_group_permissions auth_group_permissions_pkey; Type: CONSTRAINT; Schema: public; Owner: vladislav
--

ALTER TABLE ONLY public.auth_group_permissions
    ADD CONSTRAINT auth_group_permissions_pkey PRIMARY KEY (id);


--
-- Name: auth_group auth_group_pkey; Type: CONSTRAINT; Schema: public; Owner: vladislav
--

ALTER TABLE ONLY public.auth_group
    ADD CONSTRAINT auth_group_pkey PRIMARY KEY (id);


--
-- Name: auth_permission auth_permission_content_type_id_codename_01ab375a_uniq; Type: CONSTRAINT; Schema: public; Owner: vladislav
--

ALTER TABLE ONLY public.auth_permission
    ADD CONSTRAINT auth_permission_content_type_id_codename_01ab375a_uniq UNIQUE (content_type_id, codename);


--
-- Name: auth_permission auth_permission_pkey; Type: CONSTRAINT; Schema: public; Owner: vladislav
--

ALTER TABLE ONLY public.auth_permission
    ADD CONSTRAINT auth_permission_pkey PRIMARY KEY (id);


--
-- Name: auth_user_groups auth_user_groups_pkey; Type: CONSTRAINT; Schema: public; Owner: vladislav
--

ALTER TABLE ONLY public.auth_user_groups
    ADD CONSTRAINT auth_user_groups_pkey PRIMARY KEY (id);


--
-- Name: auth_user_groups auth_user_groups_user_id_group_id_94350c0c_uniq; Type: CONSTRAINT; Schema: public; Owner: vladislav
--

ALTER TABLE ONLY public.auth_user_groups
    ADD CONSTRAINT auth_user_groups_user_id_group_id_94350c0c_uniq UNIQUE (user_id, group_id);


--
-- Name: auth_user auth_user_pkey; Type: CONSTRAINT; Schema: public; Owner: vladislav
--

ALTER TABLE ONLY public.auth_user
    ADD CONSTRAINT auth_user_pkey PRIMARY KEY (id);


--
-- Name: auth_user_user_permissions auth_user_user_permissions_pkey; Type: CONSTRAINT; Schema: public; Owner: vladislav
--

ALTER TABLE ONLY public.auth_user_user_permissions
    ADD CONSTRAINT auth_user_user_permissions_pkey PRIMARY KEY (id);


--
-- Name: auth_user_user_permissions auth_user_user_permissions_user_id_permission_id_14a6b632_uniq; Type: CONSTRAINT; Schema: public; Owner: vladislav
--

ALTER TABLE ONLY public.auth_user_user_permissions
    ADD CONSTRAINT auth_user_user_permissions_user_id_permission_id_14a6b632_uniq UNIQUE (user_id, permission_id);


--
-- Name: auth_user auth_user_username_key; Type: CONSTRAINT; Schema: public; Owner: vladislav
--

ALTER TABLE ONLY public.auth_user
    ADD CONSTRAINT auth_user_username_key UNIQUE (username);


--
-- Name: cart cart_pkey; Type: CONSTRAINT; Schema: public; Owner: vladislav
--

ALTER TABLE ONLY public.cart
    ADD CONSTRAINT cart_pkey PRIMARY KEY (id);


--
-- Name: django_admin_log django_admin_log_pkey; Type: CONSTRAINT; Schema: public; Owner: vladislav
--

ALTER TABLE ONLY public.django_admin_log
    ADD CONSTRAINT django_admin_log_pkey PRIMARY KEY (id);


--
-- Name: django_content_type django_content_type_app_label_model_76bd3d3b_uniq; Type: CONSTRAINT; Schema: public; Owner: vladislav
--

ALTER TABLE ONLY public.django_content_type
    ADD CONSTRAINT django_content_type_app_label_model_76bd3d3b_uniq UNIQUE (app_label, model);


--
-- Name: django_content_type django_content_type_pkey; Type: CONSTRAINT; Schema: public; Owner: vladislav
--

ALTER TABLE ONLY public.django_content_type
    ADD CONSTRAINT django_content_type_pkey PRIMARY KEY (id);


--
-- Name: django_migrations django_migrations_pkey; Type: CONSTRAINT; Schema: public; Owner: vladislav
--

ALTER TABLE ONLY public.django_migrations
    ADD CONSTRAINT django_migrations_pkey PRIMARY KEY (id);


--
-- Name: django_session django_session_pkey; Type: CONSTRAINT; Schema: public; Owner: vladislav
--

ALTER TABLE ONLY public.django_session
    ADD CONSTRAINT django_session_pkey PRIMARY KEY (session_key);


--
-- Name: payment_order payment_order_pkey; Type: CONSTRAINT; Schema: public; Owner: vladislav
--

ALTER TABLE ONLY public.payment_order
    ADD CONSTRAINT payment_order_pkey PRIMARY KEY (id);


--
-- Name: payment_orderitem payment_orderitem_pkey; Type: CONSTRAINT; Schema: public; Owner: vladislav
--

ALTER TABLE ONLY public.payment_orderitem
    ADD CONSTRAINT payment_orderitem_pkey PRIMARY KEY (id);


--
-- Name: payment_shippingaddress payment_shippingaddress_pkey; Type: CONSTRAINT; Schema: public; Owner: vladislav
--

ALTER TABLE ONLY public.payment_shippingaddress
    ADD CONSTRAINT payment_shippingaddress_pkey PRIMARY KEY (id);


--
-- Name: shop_category shop_category_name_key; Type: CONSTRAINT; Schema: public; Owner: vladislav
--

ALTER TABLE ONLY public.shop_category
    ADD CONSTRAINT shop_category_name_key UNIQUE (name);


--
-- Name: shop_category shop_category_pkey; Type: CONSTRAINT; Schema: public; Owner: vladislav
--

ALTER TABLE ONLY public.shop_category
    ADD CONSTRAINT shop_category_pkey PRIMARY KEY (id);


--
-- Name: shop_category shop_category_slug_key; Type: CONSTRAINT; Schema: public; Owner: vladislav
--

ALTER TABLE ONLY public.shop_category
    ADD CONSTRAINT shop_category_slug_key UNIQUE (slug);


--
-- Name: shop_product shop_product_pkey; Type: CONSTRAINT; Schema: public; Owner: vladislav
--

ALTER TABLE ONLY public.shop_product
    ADD CONSTRAINT shop_product_pkey PRIMARY KEY (id);


--
-- Name: shop_product shop_product_slug_key; Type: CONSTRAINT; Schema: public; Owner: vladislav
--

ALTER TABLE ONLY public.shop_product
    ADD CONSTRAINT shop_product_slug_key UNIQUE (slug);


--
-- Name: shop_product shop_product_title_key; Type: CONSTRAINT; Schema: public; Owner: vladislav
--

ALTER TABLE ONLY public.shop_product
    ADD CONSTRAINT shop_product_title_key UNIQUE (title);


--
-- Name: auth_group_name_a6ea08ec_like; Type: INDEX; Schema: public; Owner: vladislav
--

CREATE INDEX auth_group_name_a6ea08ec_like ON public.auth_group USING btree (name varchar_pattern_ops);


--
-- Name: auth_group_permissions_group_id_b120cbf9; Type: INDEX; Schema: public; Owner: vladislav
--

CREATE INDEX auth_group_permissions_group_id_b120cbf9 ON public.auth_group_permissions USING btree (group_id);


--
-- Name: auth_group_permissions_permission_id_84c5c92e; Type: INDEX; Schema: public; Owner: vladislav
--

CREATE INDEX auth_group_permissions_permission_id_84c5c92e ON public.auth_group_permissions USING btree (permission_id);


--
-- Name: auth_permission_content_type_id_2f476e4b; Type: INDEX; Schema: public; Owner: vladislav
--

CREATE INDEX auth_permission_content_type_id_2f476e4b ON public.auth_permission USING btree (content_type_id);


--
-- Name: auth_user_groups_group_id_97559544; Type: INDEX; Schema: public; Owner: vladislav
--

CREATE INDEX auth_user_groups_group_id_97559544 ON public.auth_user_groups USING btree (group_id);


--
-- Name: auth_user_groups_user_id_6a12ed8b; Type: INDEX; Schema: public; Owner: vladislav
--

CREATE INDEX auth_user_groups_user_id_6a12ed8b ON public.auth_user_groups USING btree (user_id);


--
-- Name: auth_user_user_permissions_permission_id_1fbb5f2c; Type: INDEX; Schema: public; Owner: vladislav
--

CREATE INDEX auth_user_user_permissions_permission_id_1fbb5f2c ON public.auth_user_user_permissions USING btree (permission_id);


--
-- Name: auth_user_user_permissions_user_id_a95ead1b; Type: INDEX; Schema: public; Owner: vladislav
--

CREATE INDEX auth_user_user_permissions_user_id_a95ead1b ON public.auth_user_user_permissions USING btree (user_id);


--
-- Name: auth_user_username_6821ab7c_like; Type: INDEX; Schema: public; Owner: vladislav
--

CREATE INDEX auth_user_username_6821ab7c_like ON public.auth_user USING btree (username varchar_pattern_ops);


--
-- Name: cart_product_id_508e72da; Type: INDEX; Schema: public; Owner: vladislav
--

CREATE INDEX cart_product_id_508e72da ON public.cart USING btree (product_id);


--
-- Name: cart_user_id_1361a739; Type: INDEX; Schema: public; Owner: vladislav
--

CREATE INDEX cart_user_id_1361a739 ON public.cart USING btree (user_id);


--
-- Name: django_admin_log_content_type_id_c4bce8eb; Type: INDEX; Schema: public; Owner: vladislav
--

CREATE INDEX django_admin_log_content_type_id_c4bce8eb ON public.django_admin_log USING btree (content_type_id);


--
-- Name: django_admin_log_user_id_c564eba6; Type: INDEX; Schema: public; Owner: vladislav
--

CREATE INDEX django_admin_log_user_id_c564eba6 ON public.django_admin_log USING btree (user_id);


--
-- Name: django_session_expire_date_a5c62663; Type: INDEX; Schema: public; Owner: vladislav
--

CREATE INDEX django_session_expire_date_a5c62663 ON public.django_session USING btree (expire_date);


--
-- Name: django_session_session_key_c0390e0f_like; Type: INDEX; Schema: public; Owner: vladislav
--

CREATE INDEX django_session_session_key_c0390e0f_like ON public.django_session USING btree (session_key varchar_pattern_ops);


--
-- Name: payment_order_shipping_address_id_85e9145b; Type: INDEX; Schema: public; Owner: vladislav
--

CREATE INDEX payment_order_shipping_address_id_85e9145b ON public.payment_order USING btree (shipping_address_id);


--
-- Name: payment_order_user_id_5d749f62; Type: INDEX; Schema: public; Owner: vladislav
--

CREATE INDEX payment_order_user_id_5d749f62 ON public.payment_order USING btree (user_id);


--
-- Name: payment_orderitem_order_id_32d59828; Type: INDEX; Schema: public; Owner: vladislav
--

CREATE INDEX payment_orderitem_order_id_32d59828 ON public.payment_orderitem USING btree (order_id);


--
-- Name: payment_orderitem_product_id_6a98ebcd; Type: INDEX; Schema: public; Owner: vladislav
--

CREATE INDEX payment_orderitem_product_id_6a98ebcd ON public.payment_orderitem USING btree (product_id);


--
-- Name: payment_orderitem_user_id_81163bf1; Type: INDEX; Schema: public; Owner: vladislav
--

CREATE INDEX payment_orderitem_user_id_81163bf1 ON public.payment_orderitem USING btree (user_id);


--
-- Name: payment_shippingaddress_user_id_2f4d274e; Type: INDEX; Schema: public; Owner: vladislav
--

CREATE INDEX payment_shippingaddress_user_id_2f4d274e ON public.payment_shippingaddress USING btree (user_id);


--
-- Name: shop_category_name_11b68823_like; Type: INDEX; Schema: public; Owner: vladislav
--

CREATE INDEX shop_category_name_11b68823_like ON public.shop_category USING btree (name varchar_pattern_ops);


--
-- Name: shop_category_slug_4508178e_like; Type: INDEX; Schema: public; Owner: vladislav
--

CREATE INDEX shop_category_slug_4508178e_like ON public.shop_category USING btree (slug varchar_pattern_ops);


--
-- Name: shop_produc_price_3b79b5_idx; Type: INDEX; Schema: public; Owner: vladislav
--

CREATE INDEX shop_produc_price_3b79b5_idx ON public.shop_product USING btree (price);


--
-- Name: shop_product_category_id_14d7eea8; Type: INDEX; Schema: public; Owner: vladislav
--

CREATE INDEX shop_product_category_id_14d7eea8 ON public.shop_product USING btree (category_id);


--
-- Name: shop_product_slug_30bd2d5d_like; Type: INDEX; Schema: public; Owner: vladislav
--

CREATE INDEX shop_product_slug_30bd2d5d_like ON public.shop_product USING btree (slug varchar_pattern_ops);


--
-- Name: shop_product_title_312cda19_like; Type: INDEX; Schema: public; Owner: vladislav
--

CREATE INDEX shop_product_title_312cda19_like ON public.shop_product USING btree (title varchar_pattern_ops);


--
-- Name: auth_group_permissions auth_group_permissio_permission_id_84c5c92e_fk_auth_perm; Type: FK CONSTRAINT; Schema: public; Owner: vladislav
--

ALTER TABLE ONLY public.auth_group_permissions
    ADD CONSTRAINT auth_group_permissio_permission_id_84c5c92e_fk_auth_perm FOREIGN KEY (permission_id) REFERENCES public.auth_permission(id) DEFERRABLE INITIALLY DEFERRED;


--
-- Name: auth_group_permissions auth_group_permissions_group_id_b120cbf9_fk_auth_group_id; Type: FK CONSTRAINT; Schema: public; Owner: vladislav
--

ALTER TABLE ONLY public.auth_group_permissions
    ADD CONSTRAINT auth_group_permissions_group_id_b120cbf9_fk_auth_group_id FOREIGN KEY (group_id) REFERENCES public.auth_group(id) DEFERRABLE INITIALLY DEFERRED;


--
-- Name: auth_permission auth_permission_content_type_id_2f476e4b_fk_django_co; Type: FK CONSTRAINT; Schema: public; Owner: vladislav
--

ALTER TABLE ONLY public.auth_permission
    ADD CONSTRAINT auth_permission_content_type_id_2f476e4b_fk_django_co FOREIGN KEY (content_type_id) REFERENCES public.django_content_type(id) DEFERRABLE INITIALLY DEFERRED;


--
-- Name: auth_user_groups auth_user_groups_group_id_97559544_fk_auth_group_id; Type: FK CONSTRAINT; Schema: public; Owner: vladislav
--

ALTER TABLE ONLY public.auth_user_groups
    ADD CONSTRAINT auth_user_groups_group_id_97559544_fk_auth_group_id FOREIGN KEY (group_id) REFERENCES public.auth_group(id) DEFERRABLE INITIALLY DEFERRED;


--
-- Name: auth_user_groups auth_user_groups_user_id_6a12ed8b_fk_auth_user_id; Type: FK CONSTRAINT; Schema: public; Owner: vladislav
--

ALTER TABLE ONLY public.auth_user_groups
    ADD CONSTRAINT auth_user_groups_user_id_6a12ed8b_fk_auth_user_id FOREIGN KEY (user_id) REFERENCES public.auth_user(id) DEFERRABLE INITIALLY DEFERRED;


--
-- Name: auth_user_user_permissions auth_user_user_permi_permission_id_1fbb5f2c_fk_auth_perm; Type: FK CONSTRAINT; Schema: public; Owner: vladislav
--

ALTER TABLE ONLY public.auth_user_user_permissions
    ADD CONSTRAINT auth_user_user_permi_permission_id_1fbb5f2c_fk_auth_perm FOREIGN KEY (permission_id) REFERENCES public.auth_permission(id) DEFERRABLE INITIALLY DEFERRED;


--
-- Name: auth_user_user_permissions auth_user_user_permissions_user_id_a95ead1b_fk_auth_user_id; Type: FK CONSTRAINT; Schema: public; Owner: vladislav
--

ALTER TABLE ONLY public.auth_user_user_permissions
    ADD CONSTRAINT auth_user_user_permissions_user_id_a95ead1b_fk_auth_user_id FOREIGN KEY (user_id) REFERENCES public.auth_user(id) DEFERRABLE INITIALLY DEFERRED;


--
-- Name: cart cart_product_id_508e72da_fk_shop_product_id; Type: FK CONSTRAINT; Schema: public; Owner: vladislav
--

ALTER TABLE ONLY public.cart
    ADD CONSTRAINT cart_product_id_508e72da_fk_shop_product_id FOREIGN KEY (product_id) REFERENCES public.shop_product(id) DEFERRABLE INITIALLY DEFERRED;


--
-- Name: cart cart_user_id_1361a739_fk_auth_user_id; Type: FK CONSTRAINT; Schema: public; Owner: vladislav
--

ALTER TABLE ONLY public.cart
    ADD CONSTRAINT cart_user_id_1361a739_fk_auth_user_id FOREIGN KEY (user_id) REFERENCES public.auth_user(id) DEFERRABLE INITIALLY DEFERRED;


--
-- Name: django_admin_log django_admin_log_content_type_id_c4bce8eb_fk_django_co; Type: FK CONSTRAINT; Schema: public; Owner: vladislav
--

ALTER TABLE ONLY public.django_admin_log
    ADD CONSTRAINT django_admin_log_content_type_id_c4bce8eb_fk_django_co FOREIGN KEY (content_type_id) REFERENCES public.django_content_type(id) DEFERRABLE INITIALLY DEFERRED;


--
-- Name: django_admin_log django_admin_log_user_id_c564eba6_fk_auth_user_id; Type: FK CONSTRAINT; Schema: public; Owner: vladislav
--

ALTER TABLE ONLY public.django_admin_log
    ADD CONSTRAINT django_admin_log_user_id_c564eba6_fk_auth_user_id FOREIGN KEY (user_id) REFERENCES public.auth_user(id) DEFERRABLE INITIALLY DEFERRED;


--
-- Name: payment_order payment_order_shipping_address_id_85e9145b_fk_payment_s; Type: FK CONSTRAINT; Schema: public; Owner: vladislav
--

ALTER TABLE ONLY public.payment_order
    ADD CONSTRAINT payment_order_shipping_address_id_85e9145b_fk_payment_s FOREIGN KEY (shipping_address_id) REFERENCES public.payment_shippingaddress(id) DEFERRABLE INITIALLY DEFERRED;


--
-- Name: payment_order payment_order_user_id_5d749f62_fk_auth_user_id; Type: FK CONSTRAINT; Schema: public; Owner: vladislav
--

ALTER TABLE ONLY public.payment_order
    ADD CONSTRAINT payment_order_user_id_5d749f62_fk_auth_user_id FOREIGN KEY (user_id) REFERENCES public.auth_user(id) DEFERRABLE INITIALLY DEFERRED;


--
-- Name: payment_orderitem payment_orderitem_order_id_32d59828_fk_payment_order_id; Type: FK CONSTRAINT; Schema: public; Owner: vladislav
--

ALTER TABLE ONLY public.payment_orderitem
    ADD CONSTRAINT payment_orderitem_order_id_32d59828_fk_payment_order_id FOREIGN KEY (order_id) REFERENCES public.payment_order(id) DEFERRABLE INITIALLY DEFERRED;


--
-- Name: payment_orderitem payment_orderitem_product_id_6a98ebcd_fk_shop_product_id; Type: FK CONSTRAINT; Schema: public; Owner: vladislav
--

ALTER TABLE ONLY public.payment_orderitem
    ADD CONSTRAINT payment_orderitem_product_id_6a98ebcd_fk_shop_product_id FOREIGN KEY (product_id) REFERENCES public.shop_product(id) DEFERRABLE INITIALLY DEFERRED;


--
-- Name: payment_orderitem payment_orderitem_user_id_81163bf1_fk_auth_user_id; Type: FK CONSTRAINT; Schema: public; Owner: vladislav
--

ALTER TABLE ONLY public.payment_orderitem
    ADD CONSTRAINT payment_orderitem_user_id_81163bf1_fk_auth_user_id FOREIGN KEY (user_id) REFERENCES public.auth_user(id) DEFERRABLE INITIALLY DEFERRED;


--
-- Name: payment_shippingaddress payment_shippingaddress_user_id_2f4d274e_fk_auth_user_id; Type: FK CONSTRAINT; Schema: public; Owner: vladislav
--

ALTER TABLE ONLY public.payment_shippingaddress
    ADD CONSTRAINT payment_shippingaddress_user_id_2f4d274e_fk_auth_user_id FOREIGN KEY (user_id) REFERENCES public.auth_user(id) DEFERRABLE INITIALLY DEFERRED;


--
-- Name: shop_product shop_product_category_id_14d7eea8_fk_shop_category_id; Type: FK CONSTRAINT; Schema: public; Owner: vladislav
--

ALTER TABLE ONLY public.shop_product
    ADD CONSTRAINT shop_product_category_id_14d7eea8_fk_shop_category_id FOREIGN KEY (category_id) REFERENCES public.shop_category(id) DEFERRABLE INITIALLY DEFERRED;


--
-- PostgreSQL database dump complete
--

