--
-- PostgreSQL database dump
--

-- Dumped from database version 16.1
-- Dumped by pg_dump version 16.1

SET statement_timeout = 0;
SET lock_timeout = 0;
SET idle_in_transaction_session_timeout = 0;
SET client_encoding = 'UTF8';
SET standard_conforming_strings = on;
SELECT pg_catalog.set_config('search_path', '', false);
SET check_function_bodies = false;
SET xmloption = content;
SET client_min_messages = warning;
SET row_security = off;

SET default_tablespace = '';

SET default_table_access_method = heap;

--
-- Name: auth_group; Type: TABLE; Schema: public; Owner: postgres
--

CREATE TABLE public.auth_group (
    id integer NOT NULL,
    name character varying(150) NOT NULL
);


ALTER TABLE public.auth_group OWNER TO postgres;

--
-- Name: auth_group_id_seq; Type: SEQUENCE; Schema: public; Owner: postgres
--

ALTER TABLE public.auth_group ALTER COLUMN id ADD GENERATED BY DEFAULT AS IDENTITY (
    SEQUENCE NAME public.auth_group_id_seq
    START WITH 1
    INCREMENT BY 1
    NO MINVALUE
    NO MAXVALUE
    CACHE 1
);


--
-- Name: auth_group_permissions; Type: TABLE; Schema: public; Owner: postgres
--

CREATE TABLE public.auth_group_permissions (
    id bigint NOT NULL,
    group_id integer NOT NULL,
    permission_id integer NOT NULL
);


ALTER TABLE public.auth_group_permissions OWNER TO postgres;

--
-- Name: auth_group_permissions_id_seq; Type: SEQUENCE; Schema: public; Owner: postgres
--

ALTER TABLE public.auth_group_permissions ALTER COLUMN id ADD GENERATED BY DEFAULT AS IDENTITY (
    SEQUENCE NAME public.auth_group_permissions_id_seq
    START WITH 1
    INCREMENT BY 1
    NO MINVALUE
    NO MAXVALUE
    CACHE 1
);


--
-- Name: auth_permission; Type: TABLE; Schema: public; Owner: postgres
--

CREATE TABLE public.auth_permission (
    id integer NOT NULL,
    name character varying(255) NOT NULL,
    content_type_id integer NOT NULL,
    codename character varying(100) NOT NULL
);


ALTER TABLE public.auth_permission OWNER TO postgres;

--
-- Name: auth_permission_id_seq; Type: SEQUENCE; Schema: public; Owner: postgres
--

ALTER TABLE public.auth_permission ALTER COLUMN id ADD GENERATED BY DEFAULT AS IDENTITY (
    SEQUENCE NAME public.auth_permission_id_seq
    START WITH 1
    INCREMENT BY 1
    NO MINVALUE
    NO MAXVALUE
    CACHE 1
);


--
-- Name: auth_user; Type: TABLE; Schema: public; Owner: postgres
--

CREATE TABLE public.auth_user (
    id integer NOT NULL,
    password character varying(128) NOT NULL,
    last_login timestamp with time zone,
    is_superuser boolean NOT NULL,
    username character varying(150) NOT NULL,
    first_name character varying(150) NOT NULL,
    last_name character varying(150) NOT NULL,
    email character varying(254) NOT NULL,
    is_staff boolean NOT NULL,
    is_active boolean NOT NULL,
    date_joined timestamp with time zone NOT NULL
);


ALTER TABLE public.auth_user OWNER TO postgres;

--
-- Name: auth_user_groups; Type: TABLE; Schema: public; Owner: postgres
--

CREATE TABLE public.auth_user_groups (
    id bigint NOT NULL,
    user_id integer NOT NULL,
    group_id integer NOT NULL
);


ALTER TABLE public.auth_user_groups OWNER TO postgres;

--
-- Name: auth_user_groups_id_seq; Type: SEQUENCE; Schema: public; Owner: postgres
--

ALTER TABLE public.auth_user_groups ALTER COLUMN id ADD GENERATED BY DEFAULT AS IDENTITY (
    SEQUENCE NAME public.auth_user_groups_id_seq
    START WITH 1
    INCREMENT BY 1
    NO MINVALUE
    NO MAXVALUE
    CACHE 1
);


--
-- Name: auth_user_id_seq; Type: SEQUENCE; Schema: public; Owner: postgres
--

ALTER TABLE public.auth_user ALTER COLUMN id ADD GENERATED BY DEFAULT AS IDENTITY (
    SEQUENCE NAME public.auth_user_id_seq
    START WITH 1
    INCREMENT BY 1
    NO MINVALUE
    NO MAXVALUE
    CACHE 1
);


--
-- Name: auth_user_user_permissions; Type: TABLE; Schema: public; Owner: postgres
--

CREATE TABLE public.auth_user_user_permissions (
    id bigint NOT NULL,
    user_id integer NOT NULL,
    permission_id integer NOT NULL
);


ALTER TABLE public.auth_user_user_permissions OWNER TO postgres;

--
-- Name: auth_user_user_permissions_id_seq; Type: SEQUENCE; Schema: public; Owner: postgres
--

ALTER TABLE public.auth_user_user_permissions ALTER COLUMN id ADD GENERATED BY DEFAULT AS IDENTITY (
    SEQUENCE NAME public.auth_user_user_permissions_id_seq
    START WITH 1
    INCREMENT BY 1
    NO MINVALUE
    NO MAXVALUE
    CACHE 1
);


--
-- Name: cart; Type: TABLE; Schema: public; Owner: postgres
--

CREATE TABLE public.cart (
    id bigint NOT NULL,
    quantity smallint NOT NULL,
    session_key character varying(32),
    created_timestamp timestamp with time zone NOT NULL,
    product_id bigint NOT NULL,
    user_id integer,
    CONSTRAINT cart_quantity_check CHECK ((quantity >= 0))
);


ALTER TABLE public.cart OWNER TO postgres;

--
-- Name: cart_id_seq; Type: SEQUENCE; Schema: public; Owner: postgres
--

ALTER TABLE public.cart ALTER COLUMN id ADD GENERATED BY DEFAULT AS IDENTITY (
    SEQUENCE NAME public.cart_id_seq
    START WITH 1
    INCREMENT BY 1
    NO MINVALUE
    NO MAXVALUE
    CACHE 1
);


--
-- Name: cart_promocode; Type: TABLE; Schema: public; Owner: postgres
--

CREATE TABLE public.cart_promocode (
    id bigint NOT NULL,
    code character varying(20) NOT NULL,
    discount_percent numeric(5,2) NOT NULL,
    is_active boolean NOT NULL
);


ALTER TABLE public.cart_promocode OWNER TO postgres;

--
-- Name: cart_promocode_id_seq; Type: SEQUENCE; Schema: public; Owner: postgres
--

ALTER TABLE public.cart_promocode ALTER COLUMN id ADD GENERATED BY DEFAULT AS IDENTITY (
    SEQUENCE NAME public.cart_promocode_id_seq
    START WITH 1
    INCREMENT BY 1
    NO MINVALUE
    NO MAXVALUE
    CACHE 1
);


--
-- Name: django_admin_log; Type: TABLE; Schema: public; Owner: postgres
--

CREATE TABLE public.django_admin_log (
    id integer NOT NULL,
    action_time timestamp with time zone NOT NULL,
    object_id text,
    object_repr character varying(200) NOT NULL,
    action_flag smallint NOT NULL,
    change_message text NOT NULL,
    content_type_id integer,
    user_id integer NOT NULL,
    CONSTRAINT django_admin_log_action_flag_check CHECK ((action_flag >= 0))
);


ALTER TABLE public.django_admin_log OWNER TO postgres;

--
-- Name: django_admin_log_id_seq; Type: SEQUENCE; Schema: public; Owner: postgres
--

ALTER TABLE public.django_admin_log ALTER COLUMN id ADD GENERATED BY DEFAULT AS IDENTITY (
    SEQUENCE NAME public.django_admin_log_id_seq
    START WITH 1
    INCREMENT BY 1
    NO MINVALUE
    NO MAXVALUE
    CACHE 1
);


--
-- Name: django_content_type; Type: TABLE; Schema: public; Owner: postgres
--

CREATE TABLE public.django_content_type (
    id integer NOT NULL,
    app_label character varying(100) NOT NULL,
    model character varying(100) NOT NULL
);


ALTER TABLE public.django_content_type OWNER TO postgres;

--
-- Name: django_content_type_id_seq; Type: SEQUENCE; Schema: public; Owner: postgres
--

ALTER TABLE public.django_content_type ALTER COLUMN id ADD GENERATED BY DEFAULT AS IDENTITY (
    SEQUENCE NAME public.django_content_type_id_seq
    START WITH 1
    INCREMENT BY 1
    NO MINVALUE
    NO MAXVALUE
    CACHE 1
);


--
-- Name: django_migrations; Type: TABLE; Schema: public; Owner: postgres
--

CREATE TABLE public.django_migrations (
    id bigint NOT NULL,
    app character varying(255) NOT NULL,
    name character varying(255) NOT NULL,
    applied timestamp with time zone NOT NULL
);


ALTER TABLE public.django_migrations OWNER TO postgres;

--
-- Name: django_migrations_id_seq; Type: SEQUENCE; Schema: public; Owner: postgres
--

ALTER TABLE public.django_migrations ALTER COLUMN id ADD GENERATED BY DEFAULT AS IDENTITY (
    SEQUENCE NAME public.django_migrations_id_seq
    START WITH 1
    INCREMENT BY 1
    NO MINVALUE
    NO MAXVALUE
    CACHE 1
);


--
-- Name: django_session; Type: TABLE; Schema: public; Owner: postgres
--

CREATE TABLE public.django_session (
    session_key character varying(40) NOT NULL,
    session_data text NOT NULL,
    expire_date timestamp with time zone NOT NULL
);


ALTER TABLE public.django_session OWNER TO postgres;

--
-- Name: payment_order; Type: TABLE; Schema: public; Owner: postgres
--

CREATE TABLE public.payment_order (
    id bigint NOT NULL,
    amount numeric(7,2) NOT NULL,
    created timestamp with time zone NOT NULL,
    updated timestamp with time zone NOT NULL,
    user_id integer,
    shipping_address_id bigint
);


ALTER TABLE public.payment_order OWNER TO postgres;

--
-- Name: payment_order_id_seq; Type: SEQUENCE; Schema: public; Owner: postgres
--

ALTER TABLE public.payment_order ALTER COLUMN id ADD GENERATED BY DEFAULT AS IDENTITY (
    SEQUENCE NAME public.payment_order_id_seq
    START WITH 1
    INCREMENT BY 1
    NO MINVALUE
    NO MAXVALUE
    CACHE 1
);


--
-- Name: payment_orderitem; Type: TABLE; Schema: public; Owner: postgres
--

CREATE TABLE public.payment_orderitem (
    id bigint NOT NULL,
    price numeric(9,2) NOT NULL,
    quantity integer NOT NULL,
    order_id bigint,
    product_id bigint,
    user_id integer
);


ALTER TABLE public.payment_orderitem OWNER TO postgres;

--
-- Name: payment_orderitem_id_seq; Type: SEQUENCE; Schema: public; Owner: postgres
--

ALTER TABLE public.payment_orderitem ALTER COLUMN id ADD GENERATED BY DEFAULT AS IDENTITY (
    SEQUENCE NAME public.payment_orderitem_id_seq
    START WITH 1
    INCREMENT BY 1
    NO MINVALUE
    NO MAXVALUE
    CACHE 1
);


--
-- Name: payment_shippingaddress; Type: TABLE; Schema: public; Owner: postgres
--

CREATE TABLE public.payment_shippingaddress (
    id bigint NOT NULL,
    full_name character varying(100) NOT NULL,
    email character varying(254) NOT NULL,
    street_address character varying(100) NOT NULL,
    apartment_address character varying(100) NOT NULL,
    user_id integer
);


ALTER TABLE public.payment_shippingaddress OWNER TO postgres;

--
-- Name: payment_shippingaddress_id_seq; Type: SEQUENCE; Schema: public; Owner: postgres
--

ALTER TABLE public.payment_shippingaddress ALTER COLUMN id ADD GENERATED BY DEFAULT AS IDENTITY (
    SEQUENCE NAME public.payment_shippingaddress_id_seq
    START WITH 1
    INCREMENT BY 1
    NO MINVALUE
    NO MAXVALUE
    CACHE 1
);


--
-- Name: shop_category; Type: TABLE; Schema: public; Owner: postgres
--

CREATE TABLE public.shop_category (
    id bigint NOT NULL,
    name character varying(250) NOT NULL,
    slug character varying(250) NOT NULL,
    sort_order integer NOT NULL,
    CONSTRAINT shop_category_sort_order_check CHECK ((sort_order >= 0))
);


ALTER TABLE public.shop_category OWNER TO postgres;

--
-- Name: shop_category_id_seq; Type: SEQUENCE; Schema: public; Owner: postgres
--

ALTER TABLE public.shop_category ALTER COLUMN id ADD GENERATED BY DEFAULT AS IDENTITY (
    SEQUENCE NAME public.shop_category_id_seq
    START WITH 1
    INCREMENT BY 1
    NO MINVALUE
    NO MAXVALUE
    CACHE 1
);


--
-- Name: shop_product; Type: TABLE; Schema: public; Owner: postgres
--

CREATE TABLE public.shop_product (
    id bigint NOT NULL,
    title character varying(250) NOT NULL,
    description text NOT NULL,
    slug character varying(250) NOT NULL,
    price numeric(7,2) NOT NULL,
    image character varying(100) NOT NULL,
    available boolean NOT NULL,
    category_id bigint NOT NULL
);


ALTER TABLE public.shop_product OWNER TO postgres;

--
-- Name: shop_product_id_seq; Type: SEQUENCE; Schema: public; Owner: postgres
--

ALTER TABLE public.shop_product ALTER COLUMN id ADD GENERATED BY DEFAULT AS IDENTITY (
    SEQUENCE NAME public.shop_product_id_seq
    START WITH 1
    INCREMENT BY 1
    NO MINVALUE
    NO MAXVALUE
    CACHE 1
);


--
-- Data for Name: auth_group; Type: TABLE DATA; Schema: public; Owner: postgres
--

COPY public.auth_group (id, name) FROM stdin;
\.


--
-- Data for Name: auth_group_permissions; Type: TABLE DATA; Schema: public; Owner: postgres
--

COPY public.auth_group_permissions (id, group_id, permission_id) FROM stdin;
\.


--
-- Data for Name: auth_permission; Type: TABLE DATA; Schema: public; Owner: postgres
--

COPY public.auth_permission (id, name, content_type_id, codename) FROM stdin;
1	Can add log entry	1	add_logentry
2	Can change log entry	1	change_logentry
3	Can delete log entry	1	delete_logentry
4	Can view log entry	1	view_logentry
5	Can add permission	2	add_permission
6	Can change permission	2	change_permission
7	Can delete permission	2	delete_permission
8	Can view permission	2	view_permission
9	Can add group	3	add_group
10	Can change group	3	change_group
11	Can delete group	3	delete_group
12	Can view group	3	view_group
13	Can add user	4	add_user
14	Can change user	4	change_user
15	Can delete user	4	delete_user
16	Can view user	4	view_user
17	Can add content type	5	add_contenttype
18	Can change content type	5	change_contenttype
19	Can delete content type	5	delete_contenttype
20	Can view content type	5	view_contenttype
21	Can add session	6	add_session
22	Can change session	6	change_session
23	Can delete session	6	delete_session
24	Can view session	6	view_session
25	Can add Категория	7	add_category
26	Can change Категория	7	change_category
27	Can delete Категория	7	delete_category
28	Can view Категория	7	view_category
29	Can add Продукт	8	add_product
30	Can change Продукт	8	change_product
31	Can delete Продукт	8	delete_product
32	Can view Продукт	8	view_product
33	Can add Корзина	9	add_cart
34	Can change Корзина	9	change_cart
35	Can delete Корзина	9	delete_cart
36	Can view Корзина	9	view_cart
37	Can add promo code	10	add_promocode
38	Can change promo code	10	change_promocode
39	Can delete promo code	10	delete_promocode
40	Can view promo code	10	view_promocode
41	Can add Заказ	11	add_order
42	Can change Заказ	11	change_order
43	Can delete Заказ	11	delete_order
44	Can view Заказ	11	view_order
45	Can add order item	12	add_orderitem
46	Can change order item	12	change_orderitem
47	Can delete order item	12	delete_orderitem
48	Can view order item	12	view_orderitem
49	Can add Доставка заказа	13	add_shippingaddress
50	Can change Доставка заказа	13	change_shippingaddress
51	Can delete Доставка заказа	13	delete_shippingaddress
52	Can view Доставка заказа	13	view_shippingaddress
\.


--
-- Data for Name: auth_user; Type: TABLE DATA; Schema: public; Owner: postgres
--

COPY public.auth_user (id, password, last_login, is_superuser, username, first_name, last_name, email, is_staff, is_active, date_joined) FROM stdin;
1	pbkdf2_sha256$870000$ShJ7sqkgir2f4leRo4aczr$gCxbmOuuUu+8AaWbkCy+D46WeiUFUQMIL9TNnwZPcOc=	2024-10-02 09:16:39.103663+03	t	admin				t	t	2024-10-01 17:48:18.488792+03
\.


--
-- Data for Name: auth_user_groups; Type: TABLE DATA; Schema: public; Owner: postgres
--

COPY public.auth_user_groups (id, user_id, group_id) FROM stdin;
\.


--
-- Data for Name: auth_user_user_permissions; Type: TABLE DATA; Schema: public; Owner: postgres
--

COPY public.auth_user_user_permissions (id, user_id, permission_id) FROM stdin;
\.


--
-- Data for Name: cart; Type: TABLE DATA; Schema: public; Owner: postgres
--

COPY public.cart (id, quantity, session_key, created_timestamp, product_id, user_id) FROM stdin;
\.


--
-- Data for Name: cart_promocode; Type: TABLE DATA; Schema: public; Owner: postgres
--

COPY public.cart_promocode (id, code, discount_percent, is_active) FROM stdin;
1	СТАРТ	30.00	t
\.


--
-- Data for Name: django_admin_log; Type: TABLE DATA; Schema: public; Owner: postgres
--

COPY public.django_admin_log (id, action_time, object_id, object_repr, action_flag, change_message, content_type_id, user_id) FROM stdin;
1	2024-10-02 09:17:37.009082+03	1	все категории	1	[{"added": {}}]	7	1
2	2024-10-02 09:18:00.89255+03	1	все категории	3		7	1
3	2024-10-02 09:21:31.939757+03	2	все категории	1	[{"added": {}}]	7	1
4	2024-10-02 09:21:40.231123+03	3	обувь	1	[{"added": {}}]	7	1
5	2024-10-02 09:21:48.10609+03	4	футболки	1	[{"added": {}}]	7	1
6	2024-10-02 09:24:34.9995+03	1	Футболка оверсайз (черный)	1	[{"added": {}}]	8	1
7	2024-10-02 09:25:29.618681+03	1	Футболка оверсайз (черный)	2	[{"changed": {"fields": ["\\u0426\\u0435\\u043d\\u0430"]}}]	8	1
8	2024-10-02 10:33:50.259126+03	1	Старт	1	[{"added": {}}]	10	1
9	2024-10-02 11:04:41.371996+03	1	СТАРТ	2	[{"changed": {"fields": ["\\u041f\\u0440\\u043e\\u043c\\u043e\\u043a\\u043e\\u0434", "\\u0421\\u043a\\u0438\\u0434\\u043a\\u0430"]}}]	10	1
10	2024-10-02 12:00:56.233157+03	2	Футболка оверсайз белая	1	[{"added": {}}]	8	1
11	2024-10-02 12:01:50.176134+03	3	Футболка хард	1	[{"added": {}}]	8	1
12	2024-10-02 12:02:54.560924+03	4	Футболка оверсайз magenta	1	[{"added": {}}]	8	1
13	2024-10-02 12:03:56.736479+03	5	худи и свитшоты	1	[{"added": {}}]	7	1
14	2024-10-02 12:05:53.886174+03	5	Худи оверсайз на молнии с начесом (молочный)	1	[{"added": {}}]	8	1
15	2024-10-02 12:06:41.95294+03	6	Худи оверсайз без начеса (серый)	1	[{"added": {}}]	8	1
16	2024-10-02 12:07:27.56525+03	7	Свитшот оверсайз, без начеса	1	[{"added": {}}]	8	1
17	2024-10-02 12:08:47.206107+03	8	Свитшот оверсайз, без начеса зеленый	1	[{"added": {}}]	8	1
18	2024-10-02 12:09:25.11218+03	6	брюки	1	[{"added": {}}]	7	1
19	2024-10-02 12:09:39.371116+03	6	брюки	3		7	1
20	2024-10-02 12:09:45.45101+03	7	брюки и шорты	1	[{"added": {}}]	7	1
21	2024-10-02 12:10:34.716049+03	9	Брюки мужские с начесом	1	[{"added": {}}]	8	1
22	2024-10-02 12:11:23.92721+03	10	Брюки женские без начеса	1	[{"added": {}}]	8	1
23	2024-10-02 12:11:57.421139+03	2	все	2	[{"changed": {"fields": ["\\u041a\\u0430\\u0442\\u0435\\u0433\\u043e\\u0440\\u0438\\u044f"]}}]	7	1
24	2024-10-02 12:18:45.039602+03	3	обувь	3		7	1
25	2024-10-02 12:18:54.026393+03	2	все	2	[{"changed": {"fields": ["\\u041f\\u043e\\u0440\\u044f\\u0434\\u043e\\u043a \\u0441\\u043e\\u0440\\u0442\\u0438\\u0440\\u043e\\u0432\\u043a\\u0438"]}}]	7	1
26	2024-10-02 12:19:00.662203+03	4	футболки	2	[{"changed": {"fields": ["\\u041f\\u043e\\u0440\\u044f\\u0434\\u043e\\u043a \\u0441\\u043e\\u0440\\u0442\\u0438\\u0440\\u043e\\u0432\\u043a\\u0438"]}}]	7	1
27	2024-10-02 12:19:10.774315+03	5	худи и свитшоты	2	[{"changed": {"fields": ["\\u041f\\u043e\\u0440\\u044f\\u0434\\u043e\\u043a \\u0441\\u043e\\u0440\\u0442\\u0438\\u0440\\u043e\\u0432\\u043a\\u0438"]}}]	7	1
28	2024-10-02 12:19:18.069307+03	4	футболки	2	[{"changed": {"fields": ["\\u041f\\u043e\\u0440\\u044f\\u0434\\u043e\\u043a \\u0441\\u043e\\u0440\\u0442\\u0438\\u0440\\u043e\\u0432\\u043a\\u0438"]}}]	7	1
29	2024-10-02 12:19:26.385508+03	7	брюки и шорты	2	[{"changed": {"fields": ["\\u041f\\u043e\\u0440\\u044f\\u0434\\u043e\\u043a \\u0441\\u043e\\u0440\\u0442\\u0438\\u0440\\u043e\\u0432\\u043a\\u0438"]}}]	7	1
\.


--
-- Data for Name: django_content_type; Type: TABLE DATA; Schema: public; Owner: postgres
--

COPY public.django_content_type (id, app_label, model) FROM stdin;
1	admin	logentry
2	auth	permission
3	auth	group
4	auth	user
5	contenttypes	contenttype
6	sessions	session
7	shop	category
8	shop	product
9	cart	cart
10	cart	promocode
11	payment	order
12	payment	orderitem
13	payment	shippingaddress
\.


--
-- Data for Name: django_migrations; Type: TABLE DATA; Schema: public; Owner: postgres
--

COPY public.django_migrations (id, app, name, applied) FROM stdin;
1	contenttypes	0001_initial	2024-10-01 17:46:40.888521+03
2	auth	0001_initial	2024-10-01 17:46:41.061969+03
3	admin	0001_initial	2024-10-01 17:46:41.107646+03
4	admin	0002_logentry_remove_auto_add	2024-10-01 17:46:41.119668+03
5	admin	0003_logentry_add_action_flag_choices	2024-10-01 17:46:41.130645+03
6	contenttypes	0002_remove_content_type_name	2024-10-01 17:46:41.159086+03
7	auth	0002_alter_permission_name_max_length	2024-10-01 17:46:41.171938+03
8	auth	0003_alter_user_email_max_length	2024-10-01 17:46:41.184919+03
9	auth	0004_alter_user_username_opts	2024-10-01 17:46:41.195937+03
10	auth	0005_alter_user_last_login_null	2024-10-01 17:46:41.210938+03
11	auth	0006_require_contenttypes_0002	2024-10-01 17:46:41.211939+03
12	auth	0007_alter_validators_add_error_messages	2024-10-01 17:46:41.224915+03
13	auth	0008_alter_user_username_max_length	2024-10-01 17:46:41.25323+03
14	auth	0009_alter_user_last_name_max_length	2024-10-01 17:46:41.267136+03
15	auth	0010_alter_group_name_max_length	2024-10-01 17:46:41.289597+03
16	auth	0011_update_proxy_permissions	2024-10-01 17:46:41.367828+03
17	auth	0012_alter_user_first_name_max_length	2024-10-01 17:46:41.3808+03
18	shop	0001_initial	2024-10-01 17:46:41.468285+03
19	cart	0001_initial	2024-10-01 17:46:41.521156+03
20	cart	0002_promocode	2024-10-01 17:46:41.541437+03
21	payment	0001_initial	2024-10-01 17:46:41.698548+03
22	sessions	0001_initial	2024-10-01 17:46:41.727125+03
23	shop	0002_alter_product_title	2024-10-01 17:46:41.735461+03
24	shop	0003_remove_category_created_remove_product_created_at_and_more	2024-10-02 09:20:52.457848+03
25	shop	0004_alter_category_options_category_sort_order	2024-10-02 12:18:02.974159+03
\.


--
-- Data for Name: django_session; Type: TABLE DATA; Schema: public; Owner: postgres
--

COPY public.django_session (session_key, session_data, expire_date) FROM stdin;
f78nkk6ig7lshgyblpi880udc93197k6	.eJxVj80OgyAQhN9lz4awFRQ89t5nIPxZrQ20gIfG-O7FxIuXyWa-mUl2g-xznmNQi__BsAEe8i31xgY-abYeBpBSEkph3xtQei2TWrNPanYVIVw8o-3iwwHcS4dnJDaGkmZDjgg5aSaP6Pz7fmYvA5POU20LRHRo25vgrXA4cslZZ8dRj4z3sjOilYx5SnvnZI_UCG06xjm6WkCUx6jVqdRn9v0Pd_lISQ:1svtAz:Uk7MNtH2MgNGcicW7N8Mn-jSSDeIYzKD7UhBj_MXA9k	2024-10-16 09:49:33.100374+03
\.


--
-- Data for Name: payment_order; Type: TABLE DATA; Schema: public; Owner: postgres
--

COPY public.payment_order (id, amount, created, updated, user_id, shipping_address_id) FROM stdin;
\.


--
-- Data for Name: payment_orderitem; Type: TABLE DATA; Schema: public; Owner: postgres
--

COPY public.payment_orderitem (id, price, quantity, order_id, product_id, user_id) FROM stdin;
\.


--
-- Data for Name: payment_shippingaddress; Type: TABLE DATA; Schema: public; Owner: postgres
--

COPY public.payment_shippingaddress (id, full_name, email, street_address, apartment_address, user_id) FROM stdin;
\.


--
-- Data for Name: shop_category; Type: TABLE DATA; Schema: public; Owner: postgres
--

COPY public.shop_category (id, name, slug, sort_order) FROM stdin;
2	все	all	1
5	худи и свитшоты	hudi-i-svitshoty	2
4	футболки	futbolki	1
7	брюки и шорты	bryuki-i-shorty	3
\.


--
-- Data for Name: shop_product; Type: TABLE DATA; Schema: public; Owner: postgres
--

COPY public.shop_product (id, title, description, slug, price, image, available, category_id) FROM stdin;
1	Футболка оверсайз (черный)	Базовая черная оверсайз футболка. Свободный силуэт, спущенная линия плеча. Футболка универсальная, для мужчин и женщин. Выполнена из премиального трикотажного полотна "кулирная гладь" качества пенье компакт. Горловина по спинке и плечи усилены бейкой. Плечевой шов выполнен дорогостоящей и сложной обработкой двойным цепным швом. По центру горловины вшит тканевый жаккардовый размерник черного цвета, в боковой внутренний шов футболки вшит составник 100% хлопок с указаниями по уходу. Для данных футболок подбрана оптимальная плотность 190 г. (стандартной плотностью для футболок принято считать 140-160 г.) Футболки Моспошив не имеют брендированных обозначений.	futbolka-oversajz-chernyj	999.00	products/products/2024/10/02/футболка_черная_1.webp	t	4
2	Футболка оверсайз белая		futbolka-oversajz-belaya	796.99	products/products/2024/10/02/футболка_бел121.webp	t	4
3	Футболка хард	Базовая серая оверсайз футболка. Свободный силуэт, спущенная линия плеча. Выполнена из премиального трикотажного полотна "кулирная гладь" качества пенье компакт. Горловина по спинке и плечи усилены бейкой. По центру горловины вшит тканевый жаккардовый размерник черного цвета, в боковой внутренний шов футболки вшит составник 100% хлопок с указаниями по уходу. Футболки Моспошив не имеют брендированных обозначений.	futbolka-hard	1250.00	products/products/2024/10/02/футболка_бетон_1.webp	t	4
4	Футболка оверсайз magenta	Базовая оверсайз футболка цвета "маджента". Свободный силуэт, спущенная линия плеча. Футболка универсальная, для мужчин и женщин. Выполнена из премиального трикотажного полотна "кулирная гладь" качества пенье компакт. Горловина по спинке и плечи усилены бейкой. Плечевой шов выполнен дорогостоящей и сложной обработкой двойным цепным швом. По центру горловины вшит тканевый жаккардовый размерник черного цвета, в боковой внутренний шов футболки вшит составник 100% хлопок с указаниями по уходу. Футболки Моспошив не имеют брендированных обозначений.	futbolka-oversajz-magenta	898.00	products/products/2024/10/02/футб__ма_копия.webp	t	4
5	Худи оверсайз на молнии с начесом (молочный)	Материал: футер 3-х нитка, начес , плотность 320 г.\r\nКачество: "пенье компакт".\r\n\r\nСостав: 80% хлопок 20% полиэстер\r\nОверсайз худи свободного кроя с застежкой. Выполнено из премиального хлопка. Манжеты и пояс выполнены из эластичного полотна "кашкорсе". Горловина по спинке усилена киперной лентой, по центру вшит тканевый жаккардовый размерник черного цвета. Оснащена металлической молнией	hudi-oversajz-na-molnii-s-nachesom-molochnyj	2390.00	products/products/2024/10/02/1__1_.webp	t	5
6	Худи оверсайз без начеса (серый)	Оверсайз худи свободного кроя. Выполнено из премиального хлопка. Манжеты и пояс выполнены из эластичного полотна "кашкорсе". Горловина по спинке усилена киперной лентой, по центру вшит тканевый жаккардовый размерник черного цвета. Без шнурков в капюшоне.	hudi-oversajz-bez-nachesa-seryj	3300.00	products/products/2024/10/02/худи_500_бетон.webp	t	5
7	Свитшот оверсайз, без начеса	Бежевый оверсайз свитшот. Свободный силуэт, спущенная линия плеча. Свитшот унисекс, для мужчин и женщин. Выполнен из премиального трикотажного хлопкового полотна футер, качества пенье компакт. Манжеты и пояс выполнены из эластичного полотна "рибана". Горловина по спинке усилена киперной лентой, по центру вшит тканевый жаккардовый размерник черного цвета.	svitshot-oversajz-bez-nachesa	2550.00	products/products/2024/10/02/СВИТШОТ_беж_500.webp	t	5
8	Свитшот оверсайз, без начеса зеленый	Зеленый оверсайз свитшот. Свободный силуэт, спущенная линия плеча. Свитшот унисекс, для мужчин и женщин. Выполнен из премиального трикотажного хлопкового полотна футер, качества пенье компакт. Манжеты и пояс выполнены из эластичного полотна "рибана". Горловина по спинке усилена киперной лентой, по центру вшит тканевый жаккардовый размерник черного цвета.	green	2550.00	products/products/default/image.png	t	5
9	Брюки мужские с начесом	Мужские трикотажные брюки джоггеры, выполнены из футера высшего качества "пенье компакт" с начесом на изнаночной стороне. Оснащены двумя вместительными карманами. Пояс выполнен из оносновной ткани и обработан поясной спец машиной. Манжеты на резинке.	bryuki-muzhskie-s-nachesom	1596.00	products/products/2024/10/02/Брюки_мужские_черн.webp	t	7
10	Брюки женские без начеса		bryuki-zhenskie-bez-nachesa	919.00	products/products/2024/10/02/Алина-12-августа5881.webp	t	7
\.


--
-- Name: auth_group_id_seq; Type: SEQUENCE SET; Schema: public; Owner: postgres
--

SELECT pg_catalog.setval('public.auth_group_id_seq', 1, false);


--
-- Name: auth_group_permissions_id_seq; Type: SEQUENCE SET; Schema: public; Owner: postgres
--

SELECT pg_catalog.setval('public.auth_group_permissions_id_seq', 1, false);


--
-- Name: auth_permission_id_seq; Type: SEQUENCE SET; Schema: public; Owner: postgres
--

SELECT pg_catalog.setval('public.auth_permission_id_seq', 52, true);


--
-- Name: auth_user_groups_id_seq; Type: SEQUENCE SET; Schema: public; Owner: postgres
--

SELECT pg_catalog.setval('public.auth_user_groups_id_seq', 1, false);


--
-- Name: auth_user_id_seq; Type: SEQUENCE SET; Schema: public; Owner: postgres
--

SELECT pg_catalog.setval('public.auth_user_id_seq', 1, true);


--
-- Name: auth_user_user_permissions_id_seq; Type: SEQUENCE SET; Schema: public; Owner: postgres
--

SELECT pg_catalog.setval('public.auth_user_user_permissions_id_seq', 1, false);


--
-- Name: cart_id_seq; Type: SEQUENCE SET; Schema: public; Owner: postgres
--

SELECT pg_catalog.setval('public.cart_id_seq', 1, false);


--
-- Name: cart_promocode_id_seq; Type: SEQUENCE SET; Schema: public; Owner: postgres
--

SELECT pg_catalog.setval('public.cart_promocode_id_seq', 1, true);


--
-- Name: django_admin_log_id_seq; Type: SEQUENCE SET; Schema: public; Owner: postgres
--

SELECT pg_catalog.setval('public.django_admin_log_id_seq', 29, true);


--
-- Name: django_content_type_id_seq; Type: SEQUENCE SET; Schema: public; Owner: postgres
--

SELECT pg_catalog.setval('public.django_content_type_id_seq', 13, true);


--
-- Name: django_migrations_id_seq; Type: SEQUENCE SET; Schema: public; Owner: postgres
--

SELECT pg_catalog.setval('public.django_migrations_id_seq', 25, true);


--
-- Name: payment_order_id_seq; Type: SEQUENCE SET; Schema: public; Owner: postgres
--

SELECT pg_catalog.setval('public.payment_order_id_seq', 1, false);


--
-- Name: payment_orderitem_id_seq; Type: SEQUENCE SET; Schema: public; Owner: postgres
--

SELECT pg_catalog.setval('public.payment_orderitem_id_seq', 1, false);


--
-- Name: payment_shippingaddress_id_seq; Type: SEQUENCE SET; Schema: public; Owner: postgres
--

SELECT pg_catalog.setval('public.payment_shippingaddress_id_seq', 1, false);


--
-- Name: shop_category_id_seq; Type: SEQUENCE SET; Schema: public; Owner: postgres
--

SELECT pg_catalog.setval('public.shop_category_id_seq', 7, true);


--
-- Name: shop_product_id_seq; Type: SEQUENCE SET; Schema: public; Owner: postgres
--

SELECT pg_catalog.setval('public.shop_product_id_seq', 10, true);


--
-- Name: auth_group auth_group_name_key; Type: CONSTRAINT; Schema: public; Owner: postgres
--

ALTER TABLE ONLY public.auth_group
    ADD CONSTRAINT auth_group_name_key UNIQUE (name);


--
-- Name: auth_group_permissions auth_group_permissions_group_id_permission_id_0cd325b0_uniq; Type: CONSTRAINT; Schema: public; Owner: postgres
--

ALTER TABLE ONLY public.auth_group_permissions
    ADD CONSTRAINT auth_group_permissions_group_id_permission_id_0cd325b0_uniq UNIQUE (group_id, permission_id);


--
-- Name: auth_group_permissions auth_group_permissions_pkey; Type: CONSTRAINT; Schema: public; Owner: postgres
--

ALTER TABLE ONLY public.auth_group_permissions
    ADD CONSTRAINT auth_group_permissions_pkey PRIMARY KEY (id);


--
-- Name: auth_group auth_group_pkey; Type: CONSTRAINT; Schema: public; Owner: postgres
--

ALTER TABLE ONLY public.auth_group
    ADD CONSTRAINT auth_group_pkey PRIMARY KEY (id);


--
-- Name: auth_permission auth_permission_content_type_id_codename_01ab375a_uniq; Type: CONSTRAINT; Schema: public; Owner: postgres
--

ALTER TABLE ONLY public.auth_permission
    ADD CONSTRAINT auth_permission_content_type_id_codename_01ab375a_uniq UNIQUE (content_type_id, codename);


--
-- Name: auth_permission auth_permission_pkey; Type: CONSTRAINT; Schema: public; Owner: postgres
--

ALTER TABLE ONLY public.auth_permission
    ADD CONSTRAINT auth_permission_pkey PRIMARY KEY (id);


--
-- Name: auth_user_groups auth_user_groups_pkey; Type: CONSTRAINT; Schema: public; Owner: postgres
--

ALTER TABLE ONLY public.auth_user_groups
    ADD CONSTRAINT auth_user_groups_pkey PRIMARY KEY (id);


--
-- Name: auth_user_groups auth_user_groups_user_id_group_id_94350c0c_uniq; Type: CONSTRAINT; Schema: public; Owner: postgres
--

ALTER TABLE ONLY public.auth_user_groups
    ADD CONSTRAINT auth_user_groups_user_id_group_id_94350c0c_uniq UNIQUE (user_id, group_id);


--
-- Name: auth_user auth_user_pkey; Type: CONSTRAINT; Schema: public; Owner: postgres
--

ALTER TABLE ONLY public.auth_user
    ADD CONSTRAINT auth_user_pkey PRIMARY KEY (id);


--
-- Name: auth_user_user_permissions auth_user_user_permissions_pkey; Type: CONSTRAINT; Schema: public; Owner: postgres
--

ALTER TABLE ONLY public.auth_user_user_permissions
    ADD CONSTRAINT auth_user_user_permissions_pkey PRIMARY KEY (id);


--
-- Name: auth_user_user_permissions auth_user_user_permissions_user_id_permission_id_14a6b632_uniq; Type: CONSTRAINT; Schema: public; Owner: postgres
--

ALTER TABLE ONLY public.auth_user_user_permissions
    ADD CONSTRAINT auth_user_user_permissions_user_id_permission_id_14a6b632_uniq UNIQUE (user_id, permission_id);


--
-- Name: auth_user auth_user_username_key; Type: CONSTRAINT; Schema: public; Owner: postgres
--

ALTER TABLE ONLY public.auth_user
    ADD CONSTRAINT auth_user_username_key UNIQUE (username);


--
-- Name: cart cart_pkey; Type: CONSTRAINT; Schema: public; Owner: postgres
--

ALTER TABLE ONLY public.cart
    ADD CONSTRAINT cart_pkey PRIMARY KEY (id);


--
-- Name: cart_promocode cart_promocode_code_key; Type: CONSTRAINT; Schema: public; Owner: postgres
--

ALTER TABLE ONLY public.cart_promocode
    ADD CONSTRAINT cart_promocode_code_key UNIQUE (code);


--
-- Name: cart_promocode cart_promocode_pkey; Type: CONSTRAINT; Schema: public; Owner: postgres
--

ALTER TABLE ONLY public.cart_promocode
    ADD CONSTRAINT cart_promocode_pkey PRIMARY KEY (id);


--
-- Name: django_admin_log django_admin_log_pkey; Type: CONSTRAINT; Schema: public; Owner: postgres
--

ALTER TABLE ONLY public.django_admin_log
    ADD CONSTRAINT django_admin_log_pkey PRIMARY KEY (id);


--
-- Name: django_content_type django_content_type_app_label_model_76bd3d3b_uniq; Type: CONSTRAINT; Schema: public; Owner: postgres
--

ALTER TABLE ONLY public.django_content_type
    ADD CONSTRAINT django_content_type_app_label_model_76bd3d3b_uniq UNIQUE (app_label, model);


--
-- Name: django_content_type django_content_type_pkey; Type: CONSTRAINT; Schema: public; Owner: postgres
--

ALTER TABLE ONLY public.django_content_type
    ADD CONSTRAINT django_content_type_pkey PRIMARY KEY (id);


--
-- Name: django_migrations django_migrations_pkey; Type: CONSTRAINT; Schema: public; Owner: postgres
--

ALTER TABLE ONLY public.django_migrations
    ADD CONSTRAINT django_migrations_pkey PRIMARY KEY (id);


--
-- Name: django_session django_session_pkey; Type: CONSTRAINT; Schema: public; Owner: postgres
--

ALTER TABLE ONLY public.django_session
    ADD CONSTRAINT django_session_pkey PRIMARY KEY (session_key);


--
-- Name: payment_order payment_order_pkey; Type: CONSTRAINT; Schema: public; Owner: postgres
--

ALTER TABLE ONLY public.payment_order
    ADD CONSTRAINT payment_order_pkey PRIMARY KEY (id);


--
-- Name: payment_orderitem payment_orderitem_pkey; Type: CONSTRAINT; Schema: public; Owner: postgres
--

ALTER TABLE ONLY public.payment_orderitem
    ADD CONSTRAINT payment_orderitem_pkey PRIMARY KEY (id);


--
-- Name: payment_shippingaddress payment_shippingaddress_pkey; Type: CONSTRAINT; Schema: public; Owner: postgres
--

ALTER TABLE ONLY public.payment_shippingaddress
    ADD CONSTRAINT payment_shippingaddress_pkey PRIMARY KEY (id);


--
-- Name: shop_category shop_category_name_key; Type: CONSTRAINT; Schema: public; Owner: postgres
--

ALTER TABLE ONLY public.shop_category
    ADD CONSTRAINT shop_category_name_key UNIQUE (name);


--
-- Name: shop_category shop_category_pkey; Type: CONSTRAINT; Schema: public; Owner: postgres
--

ALTER TABLE ONLY public.shop_category
    ADD CONSTRAINT shop_category_pkey PRIMARY KEY (id);


--
-- Name: shop_category shop_category_slug_key; Type: CONSTRAINT; Schema: public; Owner: postgres
--

ALTER TABLE ONLY public.shop_category
    ADD CONSTRAINT shop_category_slug_key UNIQUE (slug);


--
-- Name: shop_product shop_product_pkey; Type: CONSTRAINT; Schema: public; Owner: postgres
--

ALTER TABLE ONLY public.shop_product
    ADD CONSTRAINT shop_product_pkey PRIMARY KEY (id);


--
-- Name: shop_product shop_product_slug_key; Type: CONSTRAINT; Schema: public; Owner: postgres
--

ALTER TABLE ONLY public.shop_product
    ADD CONSTRAINT shop_product_slug_key UNIQUE (slug);


--
-- Name: shop_product shop_product_title_key; Type: CONSTRAINT; Schema: public; Owner: postgres
--

ALTER TABLE ONLY public.shop_product
    ADD CONSTRAINT shop_product_title_key UNIQUE (title);


--
-- Name: auth_group_name_a6ea08ec_like; Type: INDEX; Schema: public; Owner: postgres
--

CREATE INDEX auth_group_name_a6ea08ec_like ON public.auth_group USING btree (name varchar_pattern_ops);


--
-- Name: auth_group_permissions_group_id_b120cbf9; Type: INDEX; Schema: public; Owner: postgres
--

CREATE INDEX auth_group_permissions_group_id_b120cbf9 ON public.auth_group_permissions USING btree (group_id);


--
-- Name: auth_group_permissions_permission_id_84c5c92e; Type: INDEX; Schema: public; Owner: postgres
--

CREATE INDEX auth_group_permissions_permission_id_84c5c92e ON public.auth_group_permissions USING btree (permission_id);


--
-- Name: auth_permission_content_type_id_2f476e4b; Type: INDEX; Schema: public; Owner: postgres
--

CREATE INDEX auth_permission_content_type_id_2f476e4b ON public.auth_permission USING btree (content_type_id);


--
-- Name: auth_user_groups_group_id_97559544; Type: INDEX; Schema: public; Owner: postgres
--

CREATE INDEX auth_user_groups_group_id_97559544 ON public.auth_user_groups USING btree (group_id);


--
-- Name: auth_user_groups_user_id_6a12ed8b; Type: INDEX; Schema: public; Owner: postgres
--

CREATE INDEX auth_user_groups_user_id_6a12ed8b ON public.auth_user_groups USING btree (user_id);


--
-- Name: auth_user_user_permissions_permission_id_1fbb5f2c; Type: INDEX; Schema: public; Owner: postgres
--

CREATE INDEX auth_user_user_permissions_permission_id_1fbb5f2c ON public.auth_user_user_permissions USING btree (permission_id);


--
-- Name: auth_user_user_permissions_user_id_a95ead1b; Type: INDEX; Schema: public; Owner: postgres
--

CREATE INDEX auth_user_user_permissions_user_id_a95ead1b ON public.auth_user_user_permissions USING btree (user_id);


--
-- Name: auth_user_username_6821ab7c_like; Type: INDEX; Schema: public; Owner: postgres
--

CREATE INDEX auth_user_username_6821ab7c_like ON public.auth_user USING btree (username varchar_pattern_ops);


--
-- Name: cart_product_id_508e72da; Type: INDEX; Schema: public; Owner: postgres
--

CREATE INDEX cart_product_id_508e72da ON public.cart USING btree (product_id);


--
-- Name: cart_promocode_code_c5107ed9_like; Type: INDEX; Schema: public; Owner: postgres
--

CREATE INDEX cart_promocode_code_c5107ed9_like ON public.cart_promocode USING btree (code varchar_pattern_ops);


--
-- Name: cart_user_id_1361a739; Type: INDEX; Schema: public; Owner: postgres
--

CREATE INDEX cart_user_id_1361a739 ON public.cart USING btree (user_id);


--
-- Name: django_admin_log_content_type_id_c4bce8eb; Type: INDEX; Schema: public; Owner: postgres
--

CREATE INDEX django_admin_log_content_type_id_c4bce8eb ON public.django_admin_log USING btree (content_type_id);


--
-- Name: django_admin_log_user_id_c564eba6; Type: INDEX; Schema: public; Owner: postgres
--

CREATE INDEX django_admin_log_user_id_c564eba6 ON public.django_admin_log USING btree (user_id);


--
-- Name: django_session_expire_date_a5c62663; Type: INDEX; Schema: public; Owner: postgres
--

CREATE INDEX django_session_expire_date_a5c62663 ON public.django_session USING btree (expire_date);


--
-- Name: django_session_session_key_c0390e0f_like; Type: INDEX; Schema: public; Owner: postgres
--

CREATE INDEX django_session_session_key_c0390e0f_like ON public.django_session USING btree (session_key varchar_pattern_ops);


--
-- Name: payment_order_shipping_address_id_85e9145b; Type: INDEX; Schema: public; Owner: postgres
--

CREATE INDEX payment_order_shipping_address_id_85e9145b ON public.payment_order USING btree (shipping_address_id);


--
-- Name: payment_order_user_id_5d749f62; Type: INDEX; Schema: public; Owner: postgres
--

CREATE INDEX payment_order_user_id_5d749f62 ON public.payment_order USING btree (user_id);


--
-- Name: payment_orderitem_order_id_32d59828; Type: INDEX; Schema: public; Owner: postgres
--

CREATE INDEX payment_orderitem_order_id_32d59828 ON public.payment_orderitem USING btree (order_id);


--
-- Name: payment_orderitem_product_id_6a98ebcd; Type: INDEX; Schema: public; Owner: postgres
--

CREATE INDEX payment_orderitem_product_id_6a98ebcd ON public.payment_orderitem USING btree (product_id);


--
-- Name: payment_orderitem_user_id_81163bf1; Type: INDEX; Schema: public; Owner: postgres
--

CREATE INDEX payment_orderitem_user_id_81163bf1 ON public.payment_orderitem USING btree (user_id);


--
-- Name: payment_shippingaddress_user_id_2f4d274e; Type: INDEX; Schema: public; Owner: postgres
--

CREATE INDEX payment_shippingaddress_user_id_2f4d274e ON public.payment_shippingaddress USING btree (user_id);


--
-- Name: shop_category_name_11b68823_like; Type: INDEX; Schema: public; Owner: postgres
--

CREATE INDEX shop_category_name_11b68823_like ON public.shop_category USING btree (name varchar_pattern_ops);


--
-- Name: shop_category_slug_4508178e_like; Type: INDEX; Schema: public; Owner: postgres
--

CREATE INDEX shop_category_slug_4508178e_like ON public.shop_category USING btree (slug varchar_pattern_ops);


--
-- Name: shop_produc_price_3b79b5_idx; Type: INDEX; Schema: public; Owner: postgres
--

CREATE INDEX shop_produc_price_3b79b5_idx ON public.shop_product USING btree (price);


--
-- Name: shop_product_category_id_14d7eea8; Type: INDEX; Schema: public; Owner: postgres
--

CREATE INDEX shop_product_category_id_14d7eea8 ON public.shop_product USING btree (category_id);


--
-- Name: shop_product_slug_30bd2d5d_like; Type: INDEX; Schema: public; Owner: postgres
--

CREATE INDEX shop_product_slug_30bd2d5d_like ON public.shop_product USING btree (slug varchar_pattern_ops);


--
-- Name: shop_product_title_312cda19_like; Type: INDEX; Schema: public; Owner: postgres
--

CREATE INDEX shop_product_title_312cda19_like ON public.shop_product USING btree (title varchar_pattern_ops);


--
-- Name: auth_group_permissions auth_group_permissio_permission_id_84c5c92e_fk_auth_perm; Type: FK CONSTRAINT; Schema: public; Owner: postgres
--

ALTER TABLE ONLY public.auth_group_permissions
    ADD CONSTRAINT auth_group_permissio_permission_id_84c5c92e_fk_auth_perm FOREIGN KEY (permission_id) REFERENCES public.auth_permission(id) DEFERRABLE INITIALLY DEFERRED;


--
-- Name: auth_group_permissions auth_group_permissions_group_id_b120cbf9_fk_auth_group_id; Type: FK CONSTRAINT; Schema: public; Owner: postgres
--

ALTER TABLE ONLY public.auth_group_permissions
    ADD CONSTRAINT auth_group_permissions_group_id_b120cbf9_fk_auth_group_id FOREIGN KEY (group_id) REFERENCES public.auth_group(id) DEFERRABLE INITIALLY DEFERRED;


--
-- Name: auth_permission auth_permission_content_type_id_2f476e4b_fk_django_co; Type: FK CONSTRAINT; Schema: public; Owner: postgres
--

ALTER TABLE ONLY public.auth_permission
    ADD CONSTRAINT auth_permission_content_type_id_2f476e4b_fk_django_co FOREIGN KEY (content_type_id) REFERENCES public.django_content_type(id) DEFERRABLE INITIALLY DEFERRED;


--
-- Name: auth_user_groups auth_user_groups_group_id_97559544_fk_auth_group_id; Type: FK CONSTRAINT; Schema: public; Owner: postgres
--

ALTER TABLE ONLY public.auth_user_groups
    ADD CONSTRAINT auth_user_groups_group_id_97559544_fk_auth_group_id FOREIGN KEY (group_id) REFERENCES public.auth_group(id) DEFERRABLE INITIALLY DEFERRED;


--
-- Name: auth_user_groups auth_user_groups_user_id_6a12ed8b_fk_auth_user_id; Type: FK CONSTRAINT; Schema: public; Owner: postgres
--

ALTER TABLE ONLY public.auth_user_groups
    ADD CONSTRAINT auth_user_groups_user_id_6a12ed8b_fk_auth_user_id FOREIGN KEY (user_id) REFERENCES public.auth_user(id) DEFERRABLE INITIALLY DEFERRED;


--
-- Name: auth_user_user_permissions auth_user_user_permi_permission_id_1fbb5f2c_fk_auth_perm; Type: FK CONSTRAINT; Schema: public; Owner: postgres
--

ALTER TABLE ONLY public.auth_user_user_permissions
    ADD CONSTRAINT auth_user_user_permi_permission_id_1fbb5f2c_fk_auth_perm FOREIGN KEY (permission_id) REFERENCES public.auth_permission(id) DEFERRABLE INITIALLY DEFERRED;


--
-- Name: auth_user_user_permissions auth_user_user_permissions_user_id_a95ead1b_fk_auth_user_id; Type: FK CONSTRAINT; Schema: public; Owner: postgres
--

ALTER TABLE ONLY public.auth_user_user_permissions
    ADD CONSTRAINT auth_user_user_permissions_user_id_a95ead1b_fk_auth_user_id FOREIGN KEY (user_id) REFERENCES public.auth_user(id) DEFERRABLE INITIALLY DEFERRED;


--
-- Name: cart cart_product_id_508e72da_fk_shop_product_id; Type: FK CONSTRAINT; Schema: public; Owner: postgres
--

ALTER TABLE ONLY public.cart
    ADD CONSTRAINT cart_product_id_508e72da_fk_shop_product_id FOREIGN KEY (product_id) REFERENCES public.shop_product(id) DEFERRABLE INITIALLY DEFERRED;


--
-- Name: cart cart_user_id_1361a739_fk_auth_user_id; Type: FK CONSTRAINT; Schema: public; Owner: postgres
--

ALTER TABLE ONLY public.cart
    ADD CONSTRAINT cart_user_id_1361a739_fk_auth_user_id FOREIGN KEY (user_id) REFERENCES public.auth_user(id) DEFERRABLE INITIALLY DEFERRED;


--
-- Name: django_admin_log django_admin_log_content_type_id_c4bce8eb_fk_django_co; Type: FK CONSTRAINT; Schema: public; Owner: postgres
--

ALTER TABLE ONLY public.django_admin_log
    ADD CONSTRAINT django_admin_log_content_type_id_c4bce8eb_fk_django_co FOREIGN KEY (content_type_id) REFERENCES public.django_content_type(id) DEFERRABLE INITIALLY DEFERRED;


--
-- Name: django_admin_log django_admin_log_user_id_c564eba6_fk_auth_user_id; Type: FK CONSTRAINT; Schema: public; Owner: postgres
--

ALTER TABLE ONLY public.django_admin_log
    ADD CONSTRAINT django_admin_log_user_id_c564eba6_fk_auth_user_id FOREIGN KEY (user_id) REFERENCES public.auth_user(id) DEFERRABLE INITIALLY DEFERRED;


--
-- Name: payment_order payment_order_shipping_address_id_85e9145b_fk_payment_s; Type: FK CONSTRAINT; Schema: public; Owner: postgres
--

ALTER TABLE ONLY public.payment_order
    ADD CONSTRAINT payment_order_shipping_address_id_85e9145b_fk_payment_s FOREIGN KEY (shipping_address_id) REFERENCES public.payment_shippingaddress(id) DEFERRABLE INITIALLY DEFERRED;


--
-- Name: payment_order payment_order_user_id_5d749f62_fk_auth_user_id; Type: FK CONSTRAINT; Schema: public; Owner: postgres
--

ALTER TABLE ONLY public.payment_order
    ADD CONSTRAINT payment_order_user_id_5d749f62_fk_auth_user_id FOREIGN KEY (user_id) REFERENCES public.auth_user(id) DEFERRABLE INITIALLY DEFERRED;


--
-- Name: payment_orderitem payment_orderitem_order_id_32d59828_fk_payment_order_id; Type: FK CONSTRAINT; Schema: public; Owner: postgres
--

ALTER TABLE ONLY public.payment_orderitem
    ADD CONSTRAINT payment_orderitem_order_id_32d59828_fk_payment_order_id FOREIGN KEY (order_id) REFERENCES public.payment_order(id) DEFERRABLE INITIALLY DEFERRED;


--
-- Name: payment_orderitem payment_orderitem_product_id_6a98ebcd_fk_shop_product_id; Type: FK CONSTRAINT; Schema: public; Owner: postgres
--

ALTER TABLE ONLY public.payment_orderitem
    ADD CONSTRAINT payment_orderitem_product_id_6a98ebcd_fk_shop_product_id FOREIGN KEY (product_id) REFERENCES public.shop_product(id) DEFERRABLE INITIALLY DEFERRED;


--
-- Name: payment_orderitem payment_orderitem_user_id_81163bf1_fk_auth_user_id; Type: FK CONSTRAINT; Schema: public; Owner: postgres
--

ALTER TABLE ONLY public.payment_orderitem
    ADD CONSTRAINT payment_orderitem_user_id_81163bf1_fk_auth_user_id FOREIGN KEY (user_id) REFERENCES public.auth_user(id) DEFERRABLE INITIALLY DEFERRED;


--
-- Name: payment_shippingaddress payment_shippingaddress_user_id_2f4d274e_fk_auth_user_id; Type: FK CONSTRAINT; Schema: public; Owner: postgres
--

ALTER TABLE ONLY public.payment_shippingaddress
    ADD CONSTRAINT payment_shippingaddress_user_id_2f4d274e_fk_auth_user_id FOREIGN KEY (user_id) REFERENCES public.auth_user(id) DEFERRABLE INITIALLY DEFERRED;


--
-- Name: shop_product shop_product_category_id_14d7eea8_fk_shop_category_id; Type: FK CONSTRAINT; Schema: public; Owner: postgres
--

ALTER TABLE ONLY public.shop_product
    ADD CONSTRAINT shop_product_category_id_14d7eea8_fk_shop_category_id FOREIGN KEY (category_id) REFERENCES public.shop_category(id) DEFERRABLE INITIALLY DEFERRED;


--
-- PostgreSQL database dump complete
--

